product,ปตท.,บางจาก,เชลล์,เอสโซ่,เชฟรอน (คาลเท็กซ์),ไออาร์พีซี,พีทีจี เอ็นเนอยี (PT),ซัสโก้,เพียว,ซัสโก้ ดีลเลอร์
แก๊สโซฮอล์ 95 (E10),41.44,41.44,41.94,,41.44,41.44,41.44,41.44,41.44,41.44
แก๊สโซฮอล์ 91,41.07,41.07,41.57,,41.07,41.07,41.07,41.07,41.07,41.07
แก๊สโซฮอล์ E20,35.69,35.69,35.89,,35.69,,35.69,35.69,35.69,35.69
แก๊สโซฮอล์ E85,31.63,31.63,,,,,,,,
แก๊สโซฮอล์ 95 พรีเมียม,47.79,49.29,51.84,,,,,,,
แก๊สโซฮอล์ 99 พรีเมียม,49.79,,,,,,,,,
เบนซิน 95,50.43,,,,50.01,,50.93,50.58,,50.58
ดีเซล B7,42.94,42.94,42.94,,42.94,42.94,42.94,42.94,42.94,42.94
ดีเซล B20,37.19,37.19,37.19,,37.19,,37.19,37.19,37.19,37.19
ดีเซลพรีเมียม,50.05,50.05,51.84,,50.05,,,,,
