month,product,ปตท.,บางจาก,เชลล์,เอสโซ่,เชฟรอน (คาลเท็กซ์),ไออาร์พีซี,พีทีจี เอ็นเนอยี (PT),ซัสโก้,เพียว,ซัสโก้ ดีลเลอร์
2018-01,แก๊สโซฮอล์ 95 (E10),28.45,28.45,,28.45,28.45,28.45,28.45,28.45,28.45,28.45
2018-01,แก๊สโซฮอล์ 91,28.18,28.18,28.28,28.18,28.18,28.18,28.18,28.18,28.18,28.18
2018-01,แก๊สโซฮอล์ E20,25.94,25.94,25.94,25.94,25.94,,25.94,25.94,25.94,25.94
2018-01,แก๊สโซฮอล์ E85,20.94,20.94,,,,,,20.94,20.94,
2018-01,เบนซิน 95,35.56,,,,36.01,,36.06,35.56,35.06,35.56
2018-01,ดีเซล B7,27.89,27.89,27.89,27.89,27.89,27.89,27.89,27.89,27.89,27.89
2018-01,ดีเซลพรีเมียม,30.89,31.76,31.76,31.76,31.76,,,,,
2018-02,แก๊สโซฮอล์ 95 (E10),28.45,28.45,28.05,28.45,28.45,28.45,28.45,28.45,28.45,28.45
2018-02,แก๊สโซฮอล์ 91,28.18,28.18,28.28,28.18,28.18,28.18,28.18,28.18,28.18,28.18
2018-02,แก๊สโซฮอล์ E20,25.94,25.94,25.94,25.94,25.94,,25.94,25.94,25.94,25.94
2018-02,แก๊สโซฮอล์ E85,20.94,20.94,,,,,,20.94,20.94,
2018-02,เบนซิน 95,35.56,,,,36.01,,36.06,35.56,35.06,35.56
2018-02,ดีเซล B7,27.89,27.89,27.89,27.89,27.89,27.89,27.89,27.89,27.89,27.89
2018-02,ดีเซลพรีเมียม,30.89,31.76,31.76,31.76,31.76,,,,,
2018-03,แก๊สโซฮอล์ 95 (E10),28.35,28.35,28.45,28.35,28.35,28.35,28.35,28.35,28.35,28.35
2018-03,แก๊สโซฮอล์ 91,28.08,28.08,28.28,28.08,28.08,28.08,28.08,28.08,28.08,28.08
2018-03,แก๊สโซฮอล์ E20,25.84,25.84,25.94,25.84,25.84,,25.84,25.84,25.84,25.84
2018-03,แก๊สโซฮอล์ E85,20.44,20.44,,,,,,20.44,20.44,
2018-03,เบนซิน 95,35.46,,,,35.91,,35.96,35.46,35.46,35.46
2018-03,ดีเซล B7,27.59,27.59,27.69,27.59,27.59,27.59,27.59,27.59,27.59,27.59
2018-03,ดีเซลพรีเมียม,30.59,31.46,31.56,31.46,31.46,,,,,
2018-04,แก๊สโซฮอล์ 95 (E10),28.55,28.55,28.95,28.55,28.55,28.55,28.55,28.55,28.55,28.55
2018-04,แก๊สโซฮอล์ 91,28.28,28.28,28.78,28.28,28.28,28.28,28.28,28.28,28.28,28.28
2018-04,แก๊สโซฮอล์ E20,26.04,26.04,26.44,26.04,26.04,,26.04,26.04,26.04,26.04
2018-04,แก๊สโซฮอล์ E85,20.64,20.64,,,,,,20.64,20.64,
2018-04,เบนซิน 95,35.66,,,,36.11,,36.16,35.66,35.66,35.66
2018-04,ดีเซล B7,27.89,27.89,28.29,27.89,27.89,27.89,27.89,27.89,27.89,27.89
2018-04,ดีเซลพรีเมียม,30.89,31.76,32.16,31.76,31.76,,,,,
2018-05,แก๊สโซฮอล์ 95 (E10),30.25,30.25,30.25,30.25,30.25,30.25,30.25,30.25,30.25,30.25
2018-05,แก๊สโซฮอล์ 91,29.98,29.98,29.98,29.98,29.98,29.98,29.98,29.98,29.98,29.98
2018-05,แก๊สโซฮอล์ E20,27.74,27.74,27.74,27.74,27.74,,27.74,27.74,27.74,27.74
2018-05,แก๊สโซฮอล์ E85,21.74,21.74,,,,,,21.74,21.74,
2018-05,เบนซิน 95,37.52,,,,37.81,,37.86,37.36,37.36,37.36
2018-05,ดีเซล B7,29.79,29.79,29.79,29.79,29.79,29.79,29.79,29.79,29.79,29.79
2018-05,ดีเซลพรีเมียม,32.79,33.66,33.66,33.66,33.66,,,,,
2018-06,แก๊สโซฮอล์ 95 (E10),29.29,29.25,29.85,29.25,29.25,29.25,29.25,29.25,29.25,29.25
2018-06,แก๊สโซฮอล์ 91,29.02,28.98,29.58,28.98,28.98,28.98,28.98,28.98,28.98,28.98
2018-06,แก๊สโซฮอล์ E20,26.78,26.74,27.34,26.74,26.74,,26.74,26.74,26.74,26.74
2018-06,แก๊สโซฮอล์ E85,21.14,21.14,,,,,,21.14,21.14,
2018-06,เบนซิน 95,36.52,,,,36.81,,36.86,36.36,36.36,36.36
2018-06,ดีเซล B7,28.82,28.79,29.09,28.79,28.79,28.79,28.79,28.79,28.79,28.79
2018-06,ดีเซลพรีเมียม,31.79,32.66,32.96,32.66,32.66,,,,,
2018-07,แก๊สโซฮอล์ 95 (E10),30.05,29.65,29.85,29.65,29.85,29.65,29.65,29.65,29.65,29.65
2018-07,แก๊สโซฮอล์ 91,29.78,29.38,29.58,29.38,29.58,29.38,29.38,29.38,29.38,29.38
2018-07,แก๊สโซฮอล์ E20,27.14,26.74,27.34,26.74,27.34,,26.74,26.74,26.74,26.74
2018-07,แก๊สโซฮอล์ E85,21.34,21.14,,,,,,21.14,21.14,
2018-07,เบนซิน 95,37.37,,,,37.41,,37.26,36.76,36.76,36.76
2018-07,ดีเซล B7,29.49,29.19,29.09,29.19,29.19,29.19,29.19,29.19,29.19,29.19
2018-07,ดีเซล B20,26.49,,,,,,,,,
2018-07,ดีเซลพรีเมียม,32.19,33.06,32.96,33.06,33.06,,,,,
2018-08,แก๊สโซฮอล์ 95 (E10),30.2,,,,,,,,,
2018-08,แก๊สโซฮอล์ 91,29.93,,,,,,,,,
2018-08,แก๊สโซฮอล์ E20,27.18,,,,,,,,,
2018-08,แก๊สโซฮอล์ E85,21.39,,,,,,,,,
2018-08,เบนซิน 95,37.54,,,,,,,,,
2018-08,ดีเซล B7,29.63,,,,,,,,,
2018-08,ดีเซล B20,26.63,,,,,,,,,
2018-09,แก๊สโซฮอล์ 95 (E10),31.15,,,,,,,,,
2018-09,แก๊สโซฮอล์ 91,30.88,,,,,,,,,
2018-09,แก๊สโซฮอล์ E20,28.14,,,,,,,,,
2018-09,แก๊สโซฮอล์ E85,21.94,,,,,,,,,
2018-09,เบนซิน 95,38.54,,,,,,,,,
2018-09,ดีเซล B7,29.9,,,,,,,,,
2018-09,ดีเซล B20,26.9,,,,,,,,,
2018-10,แก๊สโซฮอล์ 95 (E10),31.95,,,,,,,,,
2018-10,แก๊สโซฮอล์ 91,31.68,,,,,,,,,
2018-10,แก๊สโซฮอล์ E20,28.94,,,,,,,,,
2018-10,แก๊สโซฮอล์ E85,22.34,,,,,,,,,
2018-10,เบนซิน 95,39.34,,,,,,,,,
2018-10,ดีเซล B7,29.89,,,,,,,,,
2018-10,ดีเซล B20,26.89,,,,,,,,,
2018-11,แก๊สโซฮอล์ 95 (E10),29.85,,,,,,,,,
2018-11,แก๊สโซฮอล์ 91,29.58,,,,,,,,,
2018-11,แก๊สโซฮอล์ E20,26.84,,,,,,,,,
2018-11,แก๊สโซฮอล์ E85,21.14,,,,,,,,,
2018-11,เบนซิน 95,37.24,,,,,,,,,
2018-11,ดีเซล B7,29.89,,,,,,,,,
2018-11,ดีเซล B20,26.89,,,,,,,,,
2018-12,แก๊สโซฮอล์ 95 (E10),27.95,,,,,,,,,
2018-12,แก๊สโซฮอล์ 91,27.68,,,,,,,,,
2018-12,แก๊สโซฮอล์ E20,24.94,,,,,,,,,
2018-12,แก๊สโซฮอล์ E85,20.34,,,,,,,,,
2018-12,เบนซิน 95,35.36,,,,,,,,,
2018-12,ดีเซล B7,27.59,,,,,,,,,
2018-12,ดีเซล B20,24.29,,,,,,,,,
2019-01,แก๊สโซฮอล์ 95 (E10),26.75,,,,,,,,,
2019-01,แก๊สโซฮอล์ 91,26.48,,,,,,,,,
2019-01,แก๊สโซฮอล์ E20,23.74,,,,,,,,,
2019-01,แก๊สโซฮอล์ E85,19.54,,,,,,,,,
2019-01,เบนซิน 95,34.16,,,,,,,,,
2019-01,ดีเซล B7,26.09,,,,,,,,,
2019-01,ดีเซล B20,21.09,,,,,,,,,
2019-02,แก๊สโซฮอล์ 95 (E10),27.55,,,,,,,,,
2019-02,แก๊สโซฮอล์ 91,27.28,,,,,,,,,
2019-02,แก๊สโซฮอล์ E20,24.54,,,,,,,,,
2019-02,แก๊สโซฮอล์ E85,19.94,,,,,,,,,
2019-02,เบนซิน 95,34.96,,,,,,,,,
2019-02,ดีเซล B7,27.29,,,,,,,,,
2019-02,ดีเซล B20,22.29,,,,,,,,,
2019-03,แก๊สโซฮอล์ 95 (E10),29.25,,,,,,,,,
2019-03,แก๊สโซฮอล์ 91,28.98,,,,,,,,,
2019-03,แก๊สโซฮอล์ E20,26.24,,,,,,,,,
2019-03,แก๊สโซฮอล์ E85,20.84,,,,,,,,,
2019-03,เบนซิน 95,36.66,,,,,,,,,
2019-03,ดีเซล B7,27.69,,,,,,,,,
2019-03,ดีเซล B20,22.69,,,,,,,,,
2019-04,แก๊สโซฮอล์ 95 (E10),30.45,,,,,,,,,
2019-04,แก๊สโซฮอล์ 91,30.18,,,,,,,,,
2019-04,แก๊สโซฮอล์ E20,27.44,,,,,,,,,
2019-04,แก๊สโซฮอล์ E85,21.49,,,,,,,,,
2019-04,เบนซิน 95,37.86,,,,,,,,,
2019-04,ดีเซล B7,28.49,,,,,,,,,
2019-04,ดีเซล B20,23.49,,,,,,,,,
2019-05,แก๊สโซฮอล์ 95 (E10),30.05,,,,,,,,,
2019-05,แก๊สโซฮอล์ 91,29.78,,,,,,,,,
2019-05,แก๊สโซฮอล์ E20,27.04,,,,,,,,,
2019-05,แก๊สโซฮอล์ E85,21.29,,,,,,,,,
2019-05,เบนซิน 95,37.46,,,,,,,,,
2019-05,ดีเซล B7,28.19,,,,,,,,,
2019-05,ดีเซล B10,27.19,,,,,,,,,
2019-05,ดีเซล B20,23.19,,,,,,,,,
2019-06,แก๊สโซฮอล์ 95 (E10),28.75,,,,,,,,,
2019-06,แก๊สโซฮอล์ 91,28.48,,,,,,,,,
2019-06,แก๊สโซฮอล์ E20,25.74,,,,,,,,,
2019-06,แก๊สโซฮอล์ E85,20.54,,,,,,,,,
2019-06,เบนซิน 95,36.16,,,,,,,,,
2019-06,ดีเซล B7,27.39,,,,,,,,,
2019-06,ดีเซล B10,26.39,,,,,,,,,
2019-06,ดีเซล B20,22.39,,,,,,,,,
2019-07,แก๊สโซฮอล์ 95 (E10),27.85,,,,,,,,,
2019-07,แก๊สโซฮอล์ 91,27.58,,,,,,,,,
2019-07,แก๊สโซฮอล์ E20,24.84,,,,,,,,,
2019-07,แก๊สโซฮอล์ E85,20.09,,,,,,,,,
2019-07,เบนซิน 95,35.26,,,,,,,,,
2019-07,ดีเซล B7,26.59,,,,,,,,,
2019-07,ดีเซล B10,25.59,,,,,,,,,
2019-07,ดีเซล B20,21.59,,,,,,,,,
2019-08,แก๊สโซฮอล์ 95 (E10),28.05,,,,,,,,,
2019-08,แก๊สโซฮอล์ 91,27.78,,,,,,,,,
2019-08,แก๊สโซฮอล์ E20,25.04,,,,,,,,,
2019-08,แก๊สโซฮอล์ E85,20.24,,,,,,,,,
2019-08,เบนซิน 95,35.46,,,,,,,,,
2019-08,ดีเซล B7,26.39,,,,,,,,,
2019-08,ดีเซล B10,25.39,,,,,,,,,
2019-08,ดีเซล B20,21.39,,,,,,,,,
2019-09,แก๊สโซฮอล์ 95 (E10),27.95,,,,,,,,,
2019-09,แก๊สโซฮอล์ 91,27.68,,,,,,,,,
2019-09,แก๊สโซฮอล์ E20,24.94,,,,,,,,,
2019-09,แก๊สโซฮอล์ E85,20.19,,,,,,,,,
2019-09,เบนซิน 95,35.36,,,,,,,,,
2019-09,ดีเซล B7,26.39,,,,,,,,,
2019-09,ดีเซล B10,25.39,,,,,,,,,
2019-09,ดีเซล B20,21.39,,,,,,,,,
2019-10,แก๊สโซฮอล์ 95 (E10),27.25,,,,,,,,,
2019-10,แก๊สโซฮอล์ 91,26.98,,,,,,,,,
2019-10,แก๊สโซฮอล์ E20,24.24,,,,,,,,,
2019-10,แก๊สโซฮอล์ E85,19.84,,,,,,,,,
2019-10,เบนซิน 95,34.66,,,,,,,,,
2019-10,ดีเซล B7,25.99,,,,,,,,,
2019-10,ดีเซล B10,23.99,,,,,,,,,
2019-10,ดีเซล B20,22.99,,,,,,,,,
2019-11,แก๊สโซฮอล์ 95 (E10),27.55,,,,,,,,,
2019-11,แก๊สโซฮอล์ 91,27.28,,,,,,,,,
2019-11,แก๊สโซฮอล์ E20,24.54,,,,,,,,,
2019-11,แก๊สโซฮอล์ E85,20.09,,,,,,,,,
2019-11,เบนซิน 95,34.96,,,,,,,,,
2019-11,ดีเซล B7,25.99,,,,,,,,,
2019-11,ดีเซล B10,23.99,,,,,,,,,
2019-11,ดีเซล B20,22.99,,,,,,,,,
2019-12,แก๊สโซฮอล์ 95 (E10),27.35,,,,,,,,,
2019-12,แก๊สโซฮอล์ 91,27.08,,,,,,,,,
2019-12,แก๊สโซฮอล์ E20,24.34,,,,,,,,,
2019-12,แก๊สโซฮอล์ E85,19.99,,,,,,,,,
2019-12,เบนซิน 95,34.76,,,,,,,,,
2019-12,ดีเซล B7,27.49,,,,,,,,,
2019-12,ดีเซล B10,25.49,,,,,,,,,
2019-12,ดีเซล B20,24.49,,,,,,,,,
2020-01,แก๊สโซฮอล์ 95 (E10),26.75,,,,,,,,,
2020-01,แก๊สโซฮอล์ 91,26.48,,,,,,,,,
2020-01,แก๊สโซฮอล์ E20,23.74,,,,,,,,,
2020-01,แก๊สโซฮอล์ E85,19.69,,,,,,,,,
2020-01,เบนซิน 95,34.16,,,,,,,,,
2020-01,ดีเซล B7,27.89,,,,,,,,,
2020-01,ดีเซล B10,25.89,,,,,,,,,
2020-01,ดีเซล B20,24.89,,,,,,,,,
2020-02,แก๊สโซฮอล์ 95 (E10),26.35,,,,,,,,,
2020-02,แก๊สโซฮอล์ 91,26.08,,,,,,,,,
2020-02,แก๊สโซฮอล์ E20,23.34,,,,,,,,,
2020-02,แก๊สโซฮอล์ E85,19.49,,,,,,,,,
2020-02,เบนซิน 95,33.76,,,,,,,,,
2020-02,ดีเซล B7,26.49,,,,,,,,,
2020-02,ดีเซล B10,24.49,,,,,,,,,
2020-02,ดีเซล B20,23.49,,,,,,,,,
2020-03,แก๊สโซฮอล์ 95 (E10),25.95,,,,,,,,,
2020-03,แก๊สโซฮอล์ 91,25.68,,,,,,,,,
2020-03,แก๊สโซฮอล์ E20,22.94,,,,,,,,,
2020-03,แก๊สโซฮอล์ E85,19.29,,,,,,,,,
2020-03,เบนซิน 95,33.36,,,,,,,,,
2020-03,ดีเซล B7,26.09,,,,,,,,,
2020-03,ดีเซล B10,23.09,,,,,,,,,
2020-03,ดีเซล B20,22.59,,,,,,,,,
2020-04,แก๊สโซฮอล์ 95 (E10),18.25,,,,,,,,,
2020-04,แก๊สโซฮอล์ 91,17.98,,,,,,,,,
2020-04,แก๊สโซฮอล์ E20,15.74,,,,,,,,,
2020-04,แก๊สโซฮอล์ E85,15.34,,,,,,,,,
2020-04,เบนซิน 95,25.66,,,,,,,,,
2020-04,ดีเซล B7,20.49,,,,,,,,,
2020-04,ดีเซล B10,17.49,,,,,,,,,
2020-04,ดีเซล B20,17.24,,,,,,,,,
2020-05,แก๊สโซฮอล์ 95 (E10),20.25,,,,,,,,,
2020-05,แก๊สโซฮอล์ 91,19.98,,,,,,,,,
2020-05,แก๊สโซฮอล์ E20,18.74,,,,,,,,,
2020-05,แก๊สโซฮอล์ E85,16.99,,,,,,,,,
2020-05,เบนซิน 95,27.66,,,,,,,,,
2020-05,ดีเซล B7,20.39,,,,,,,,,
2020-05,ดีเซล B10,17.39,,,,,,,,,
2020-05,ดีเซล B20,17.14,,,,,,,,,
2020-06,แก๊สโซฮอล์ 95 (E10),22.15,,,,,,,,,
2020-06,แก๊สโซฮอล์ 91,21.88,,,,,,,,,
2020-06,แก๊สโซฮอล์ E20,20.64,,,,,,,,,
2020-06,แก๊สโซฮอล์ E85,18.39,,,,,,,,,
2020-06,เบนซิน 95,29.56,,,,,,,,,
2020-06,ดีเซล B7,22.39,,,,,,,,,
2020-06,ดีเซล B10,19.39,,,,,,,,,
2020-06,ดีเซล B20,19.14,,,,,,,,,
2020-07,แก๊สโซฮอล์ 95 (E10),21.95,,,,,,,,,
2020-07,แก๊สโซฮอล์ 91,21.68,,,,,,,,,
2020-07,แก๊สโซฮอล์ E20,20.44,,,,,,,,,
2020-07,แก๊สโซฮอล์ E85,18.19,,,,,,,,,
2020-07,เบนซิน 95,29.36,,,,,,,,,
2020-07,ดีเซล B7,22.59,,,,,,,,,
2020-07,ดีเซล B10,19.59,,,,,,,,,
2020-07,ดีเซล B20,19.34,,,,,,,,,
2020-08,แก๊สโซฮอล์ 95 (E10),22.25,,,,,,,,,
2020-08,แก๊สโซฮอล์ 91,21.98,,,,,,,,,
2020-08,แก๊สโซฮอล์ E20,20.74,,,,,,,,,
2020-08,แก๊สโซฮอล์ E85,18.34,,,,,,,,,
2020-08,เบนซิน 95,29.66,,,,,,,,,
2020-08,ดีเซล B7,22.59,,,,,,,,,
2020-08,ดีเซล B10,19.59,,,,,,,,,
2020-08,ดีเซล B20,19.34,,,,,,,,,
2020-09,แก๊สโซฮอล์ 95 (E10),22.25,,,,,,,,,
2020-09,แก๊สโซฮอล์ 91,21.98,,,,,,,,,
2020-09,แก๊สโซฮอล์ E20,20.74,,,,,,,,,
2020-09,แก๊สโซฮอล์ E85,18.34,,,,,,,,,
2020-09,เบนซิน 95,29.66,,,,,,,,,
2020-09,ดีเซล B7,21.79,,,,,,,,,
2020-09,ดีเซล B10,18.79,,,,,,,,,
2020-09,ดีเซล B20,18.54,,,,,,,,,
2020-10,แก๊สโซฮอล์ 95 (E10),22.25,,,,,,,,,
2020-10,แก๊สโซฮอล์ 91,21.98,,,,,,,,,
2020-10,แก๊สโซฮอล์ E20,20.74,,,,,,,,,
2020-10,แก๊สโซฮอล์ E85,18.34,,,,,,,,,
2020-10,เบนซิน 95,29.66,,,,,,,,,
2020-10,ดีเซล B7,21.89,,,,,,,,,
2020-10,ดีเซล B10,18.89,,,,,,,,,
2020-10,ดีเซล B20,18.64,,,,,,,,,
2020-11,แก๊สโซฮอล์ 95 (E10),22.35,,,,,,,,,
2020-11,แก๊สโซฮอล์ 91,22.08,,,,,,,,,
2020-11,แก๊สโซฮอล์ E20,20.84,,,,,,,,,
2020-11,แก๊สโซฮอล์ E85,18.34,,,,,,,,,
2020-11,เบนซิน 95,29.76,,,,,,,,,
2020-11,ดีเซล B7,23.79,,,,,,,,,
2020-11,ดีเซล B10,20.79,,,,,,,,,
2020-11,ดีเซล B20,20.54,,,,,,,,,
2020-12,แก๊สโซฮอล์ 95 (E10),23.15,,,,,,,,,
2020-12,แก๊สโซฮอล์ 91,22.88,,,,,,,,,
2020-12,แก๊สโซฮอล์ E20,21.64,,,,,,,,,
2020-12,แก๊สโซฮอล์ E85,18.74,,,,,,,,,
2020-12,เบนซิน 95,30.56,,,,,,,,,
2020-12,ดีเซล B7,24.59,,,,,,,,,
2020-12,ดีเซล B10,21.59,,,,,,,,,
2020-12,ดีเซล B20,21.34,,,,,,,,,
2021-01,แก๊สโซฮอล์ 95 (E10),24.45,,,,,,,,,
2021-01,แก๊สโซฮอล์ 91,24.18,,,,,,,,,
2021-01,แก๊สโซฮอล์ E20,22.94,,,,,,,,,
2021-01,แก๊สโซฮอล์ E85,19.49,,,,,,,,,
2021-01,เบนซิน 95,31.86,,,,,,,,,
2021-01,ดีเซล B7,25.29,,,,,,,,,
2021-01,ดีเซล B10,22.29,,,,,,,,,
2021-01,ดีเซล B20,22.04,,,,,,,,,
2021-02,แก๊สโซฮอล์ 95 (E10),26.05,,,,,,,,,
2021-02,แก๊สโซฮอล์ 91,25.78,,,,,,,,,
2021-02,แก๊สโซฮอล์ E20,24.54,,,,,,,,,
2021-02,แก๊สโซฮอล์ E85,20.54,,,,,,,,,
2021-02,เบนซิน 95,33.46,,,,,,,,,
2021-02,ดีเซล B7,26.99,,,,,,,,,
2021-02,ดีเซล B10,23.99,,,,,,,,,
2021-02,ดีเซล B20,23.74,,,,,,,,,
2021-03,แก๊สโซฮอล์ 95 (E10),27.65,,,,,,,,,
2021-03,แก๊สโซฮอล์ 91,27.38,,,,,,,,,
2021-03,แก๊สโซฮอล์ E20,26.14,,,,,,,,,
2021-03,แก๊สโซฮอล์ E85,21.54,,,,,,,,,
2021-03,เบนซิน 95,35.06,,,,,,,,,
2021-03,ดีเซล B7,27.59,,,,,,,,,
2021-03,ดีเซล B10,24.59,,,,,,,,,
2021-03,ดีเซล B20,24.34,,,,,,,,,
2021-04,แก๊สโซฮอล์ 95 (E10),27.25,,,,,,,,,
2021-04,แก๊สโซฮอล์ 91,26.98,,,,,,,,,
2021-04,แก๊สโซฮอล์ E20,25.74,,,,,,,,,
2021-04,แก๊สโซฮอล์ E85,21.49,,,,,,,,,
2021-04,เบนซิน 95,34.66,,,,,,,,,
2021-04,ดีเซล B7,27.09,,,,,,,,,
2021-04,ดีเซล B10,24.09,,,,,,,,,
2021-04,ดีเซล B20,23.84,,,,,,,,,
2021-05,แก๊สโซฮอล์ 95 (E10),27.95,,,,,,,,,
2021-05,แก๊สโซฮอล์ 91,27.68,,,,,,,,,
2021-05,แก๊สโซฮอล์ E20,26.44,,,,,,,,,
2021-05,แก๊สโซฮอล์ E85,21.99,,,,,,,,,
2021-05,เบนซิน 95,35.36,,,,,,,,,
2021-05,ดีเซล B7,28.09,,,,,,,,,
2021-05,ดีเซล B10,25.09,,,,,,,,,
2021-05,ดีเซล B20,24.84,,,,,,,,,
2021-06,แก๊สโซฮอล์ 95 (E10),29.05,,,,,,,,,
2021-06,แก๊สโซฮอล์ 91,28.78,,,,,,,,,
2021-06,แก๊สโซฮอล์ E20,27.54,,,,,,,,,
2021-06,แก๊สโซฮอล์ E85,22.59,,,,,,,,,
2021-06,เบนซิน 95,36.46,,,,,,,,,
2021-06,ดีเซล B7,28.99,,,,,,,,,
2021-06,ดีเซล B10,25.99,,,,,,,,,
2021-06,ดีเซล B20,25.74,,,,,,,,,
2021-07,แก๊สโซฮอล์ 95 (E10),29.95,,,,,,,,,
2021-07,แก๊สโซฮอล์ 91,29.68,,,,,,,,,
2021-07,แก๊สโซฮอล์ E20,28.44,,,,,,,,,
2021-07,แก๊สโซฮอล์ E85,22.94,,,,,,,,,
2021-07,เบนซิน 95,37.36,,,,,,,,,
2021-07,ดีเซล B7,29.49,,,,,,,,,
2021-07,ดีเซล B10,26.49,,,,,,,,,
2021-07,ดีเซล B20,26.24,,,,,,,,,
2021-08,แก๊สโซฮอล์ 95 (E10),29.95,,,,,,,,,
2021-08,แก๊สโซฮอล์ 91,29.68,,,,,,,,,
2021-08,แก๊สโซฮอล์ E20,28.44,,,,,,,,,
2021-08,แก๊สโซฮอล์ E85,22.94,,,,,,,,,
2021-08,เบนซิน 95,37.36,,,,,,,,,
2021-08,ดีเซล B7,29.49,,,,,,,,,
2021-08,ดีเซล B10,26.49,,,,,,,,,
2021-08,ดีเซล B20,26.24,,,,,,,,,
2021-09,แก๊สโซฮอล์ 95 (E10),31.15,,,,,,,,,
2021-09,แก๊สโซฮอล์ 91,30.88,,,,,,,,,
2021-09,แก๊สโซฮอล์ E20,29.64,,,,,,,,,
2021-09,แก๊สโซฮอล์ E85,23.44,,,,,,,,,
2021-09,เบนซิน 95,38.56,,,,,,,,,
2021-09,ดีเซล B7,31.29,,,,,,,,,
2021-09,ดีเซล B10,28.29,,,,,,,,,
2021-09,ดีเซล B20,28.04,,,,,,,,,
2021-10,แก๊สโซฮอล์ 95 (E10),32.55,,,,,,,,,
2021-10,แก๊สโซฮอล์ 91,32.28,,,,,,,,,
2021-10,แก๊สโซฮอล์ E20,31.04,,,,,,,,,
2021-10,แก๊สโซฮอล์ E85,24.44,,,,,,,,,
2021-10,เบนซิน 95,39.96,,,,,,,,,
2021-10,ดีเซล B7,31.29,,,,,,,,,
2021-10,ดีเซล B10,29.69,,,,,,,,,
2021-10,ดีเซล B20,29.44,,,,,,,,,
2021-11,แก๊สโซฮอล์ 95 (E10),32.55,,,,,,,,,
2021-11,แก๊สโซฮอล์ 91,32.28,,,,,,,,,
2021-11,แก๊สโซฮอล์ E20,31.04,,,,,,,,,
2021-11,แก๊สโซฮอล์ E85,24.44,,,,,,,,,
2021-11,เบนซิน 95,39.96,,,,,,,,,
2021-11,ดีเซล B7,29.94,,,,,,,,,
2021-11,ดีเซล B10,29.79,,,,,,,,,
2021-11,ดีเซล B20,29.69,,,,,,,,,
2021-12,แก๊สโซฮอล์ 95 (E10),31.15,,,,,,,,,
2021-12,แก๊สโซฮอล์ 91,30.88,,,,,,,,,
2021-12,แก๊สโซฮอล์ E20,29.64,,,,,,,,,
2021-12,แก๊สโซฮอล์ E85,23.74,,,,,,,,,
2021-12,เบนซิน 95,38.56,,,,,,,,,
2021-12,ดีเซล B7,28.44,,,,,,,,,
2021-12,ดีเซล B10,28.44,,,,,,,,,
2021-12,ดีเซล B20,28.44,,,,,,,,,
2022-01,แก๊สโซฮอล์ 95 (E10),34.05,,,,,,,,,
2022-01,แก๊สโซฮอล์ 91,33.78,,,,,,,,,
2022-01,แก๊สโซฮอล์ E20,32.84,,,,,,,,,
2022-01,แก๊สโซฮอล์ E85,26.14,,,,,,,,,
2022-01,เบนซิน 95,41.46,,,,,,,,,
2022-01,ดีเซล B7,29.94,,,,,,,,,
2022-01,ดีเซล B10,29.94,,,,,,,,,
2022-01,ดีเซล B20,29.94,,,,,,,,,
2022-02,แก๊สโซฮอล์ 95 (E10),36.55,,,,,,,,,
2022-02,แก๊สโซฮอล์ 91,36.28,,,,,,,,,
2022-02,แก๊สโซฮอล์ E20,35.44,,,,,,,,,
2022-02,แก๊สโซฮอล์ E85,28.74,,,,,,,,,
2022-02,เบนซิน 95,43.96,,,,,,,,,
2022-02,ดีเซล B7,29.94,,,,,,,,,
2022-02,ดีเซล B10,29.94,,,,,,,,,
2022-02,ดีเซล B20,29.94,,,,,,,,,
2022-03,แก๊สโซฮอล์ 95 (E10),40.55,,,,,,,,,
2022-03,แก๊สโซฮอล์ 91,40.28,,,,,,,,,
2022-03,แก๊สโซฮอล์ E20,39.44,,,,,,,,,
2022-03,แก๊สโซฮอล์ E85,32.74,,,,,,,,,
2022-03,เบนซิน 95,47.96,,,,,,,,,
2022-03,ดีเซล B7,29.94,,,,,,,,,
2022-03,ดีเซล B10,29.94,,,,,,,,,
2022-03,ดีเซล B20,29.94,,,,,,,,,
2022-04,แก๊สโซฮอล์ 95 (E10),39.65,,,,,,,,,
2022-04,แก๊สโซฮอล์ 91,39.38,,,,,,,,,
2022-04,แก๊สโซฮอล์ E20,38.54,,,,,,,,,
2022-04,แก๊สโซฮอล์ E85,31.84,,,,,,,,,
2022-04,เบนซิน 95,47.06,,,,,,,,,
2022-04,ดีเซล B7,29.94,,,,,,,,,
2022-04,ดีเซล B10,29.94,,,,,,,,,
2022-04,ดีเซล B20,29.94,,,,,,,,,
2022-05,แก๊สโซฮอล์ 95 (E10),43.85,,,,,,,,,
2022-05,แก๊สโซฮอล์ 91,43.58,,,,,,,,,
2022-05,แก๊สโซฮอล์ E20,42.74,,,,,,,,,
2022-05,แก๊สโซฮอล์ E85,36.74,,,,,,,,,
2022-05,เบนซิน 95,51.26,,,,,,,,,
2022-05,ดีเซล B7,32.94,,,,,,,,,
2022-05,ดีเซล B10,32.94,,,,,,,,,
2022-05,ดีเซล B20,32.94,,,,,,,,,
2022-06,แก๊สโซฮอล์ 95 (E10),45.15,,,,,,,,,
2022-06,แก๊สโซฮอล์ 91,44.88,,,,,,,,,
2022-06,แก๊สโซฮอล์ E20,44.04,,,,,,,,,
2022-06,แก๊สโซฮอล์ E85,37.54,,,,,,,,,
2022-06,เบนซิน 95,52.56,,,,,,,,,
2022-06,ดีเซล B7,34.94,,,,,,,,,
2022-06,ดีเซล B10,34.94,,,,,,,,,
2022-06,ดีเซล B20,34.94,,,,,,,,,
2022-07,แก๊สโซฮอล์ 95 (E10),45.15,,,,,,,,,
2022-07,แก๊สโซฮอล์ 91,44.88,,,,,,,,,
2022-07,แก๊สโซฮอล์ E20,44.04,,,,,,,,,
2022-07,แก๊สโซฮอล์ E85,37.54,,,,,,,,,
2022-07,เบนซิน 95,52.56,,,,,,,,,
2022-07,ดีเซล B7,34.94,,,,,,,,,
2022-07,ดีเซล B10,34.94,,,,,,,,,
2022-07,ดีเซล B20,34.94,,,,,,,,,
2022-08,แก๊สโซฮอล์ 95 (E10),38.65,,,,,,,,,
2022-08,แก๊สโซฮอล์ 91,38.38,,,,,,,,,
2022-08,แก๊สโซฮอล์ E20,37.54,,,,,,,,,
2022-08,แก๊สโซฮอล์ E85,34.14,,,,,,,,,
2022-08,เบนซิน 95,46.06,,,,,,,,,
2022-08,ดีเซล B7,34.94,,,,,,,,,
2022-08,ดีเซล B10,34.94,,,,,,,,,
2022-08,ดีเซล B20,34.94,,,,,,,,,
2022-09,แก๊สโซฮอล์ 95 (E10),37.95,,,,,,,,,
2022-09,แก๊สโซฮอล์ 91,37.68,,,,,,,,,
2022-09,แก๊สโซฮอล์ E20,36.84,,,,,,,,,
2022-09,แก๊สโซฮอล์ E85,33.54,,,,,,,,,
2022-09,เบนซิน 95,45.36,,,,,,,,,
2022-09,ดีเซล B7,34.94,,,,,,,,,
2022-09,ดีเซล B10,34.94,,,,,,,,,
2022-09,ดีเซล B20,34.94,,,,,,,,,
2022-10,แก๊สโซฮอล์ 95 (E10),35.65,,,,,,,,,
2022-10,แก๊สโซฮอล์ 91,35.38,,,,,,,,,
2022-10,แก๊สโซฮอล์ E20,34.54,,,,,,,,,
2022-10,แก๊สโซฮอล์ E85,32.94,,,,,,,,,
2022-10,เบนซิน 95,43.06,,,,,,,,,
2022-10,ดีเซล B7,34.94,,,,,,,,,
2022-10,ดีเซล B10,34.94,,,,,,,,,
2022-10,ดีเซล B20,34.94,,,,,,,,,
2022-11,แก๊สโซฮอล์ 95 (E10),36.65,,,,,,,,,
2022-11,แก๊สโซฮอล์ 91,36.38,,,,,,,,,
2022-11,แก๊สโซฮอล์ E20,35.54,,,,,,,,,
2022-11,แก๊สโซฮอล์ E85,34.14,,,,,,,,,
2022-11,เบนซิน 95,44.06,,,,,,,,,
2022-11,ดีเซล B7,34.94,,,,,,,,,
2022-11,ดีเซล B10,34.94,,,,,,,,,
2022-11,ดีเซล B20,34.94,,,,,,,,,
2022-12,แก๊สโซฮอล์ 95 (E10),35.05,,,,,,,,,
2022-12,แก๊สโซฮอล์ 91,34.78,,,,,,,,,
2022-12,แก๊สโซฮอล์ E20,33.34,,,,,,,,,
2022-12,แก๊สโซฮอล์ E85,32.99,,,,,,,,,
2022-12,เบนซิน 95,42.46,,,,,,,,,
2022-12,ดีเซล B7,34.94,,,,,,,,,
2022-12,ดีเซล B10,34.94,,,,,,,,,
2022-12,ดีเซล B20,34.94,,,,,,,,,
2023-01,แก๊สโซฮอล์ 95 (E10),37.05,,,,,,,,,
2023-01,แก๊สโซฮอล์ 91,36.78,,,,,,,,,
2023-01,แก๊สโซฮอล์ E20,35.14,,,,,,,,,
2023-01,แก๊สโซฮอล์ E85,35.59,,,,,,,,,
2023-01,เบนซิน 95,44.46,,,,,,,,,
2023-01,ดีเซล B7,34.94,,,,,,,,,
2023-01,ดีเซล B10,34.94,,,,,,,,,
2023-01,ดีเซล B20,34.94,,,,,,,,,
2023-02,แก๊สโซฮอล์ 95 (E10),36.55,,,,,,,,,
2023-02,แก๊สโซฮอล์ 91,36.28,,,,,,,,,
2023-02,แก๊สโซฮอล์ E20,34.34,,,,,,,,,
2023-02,แก๊สโซฮอล์ E85,34.79,,,,,,,,,
2023-02,เบนซิน 95,44.36,,,,,,,,,
2023-02,ดีเซล B7,34.94,,,,,,,,,
2023-02,ดีเซล B10,34.94,,,,,,,,,
2023-02,ดีเซล B20,34.94,,,,,,,,,
2023-03,แก๊สโซฮอล์ 95 (E10),36.85,,,,,,,,,
2023-03,แก๊สโซฮอล์ 91,36.58,,,,,,,,,
2023-03,แก๊สโซฮอล์ E20,34.54,,,,,,,,,
2023-03,แก๊สโซฮอล์ E85,34.99,,,,,,,,,
2023-03,เบนซิน 95,44.66,,,,,,,,,
2023-03,ดีเซล B7,33.94,,,,,,,,,
2023-03,ดีเซล B10,33.94,,,,,,,,,
2023-03,ดีเซล B20,33.94,,,,,,,,,
2023-04,แก๊สโซฮอล์ 95 (E10),37.25,,,,,,,,,
2023-04,แก๊สโซฮอล์ 91,36.98,,,,,,,,,
2023-04,แก๊สโซฮอล์ E20,34.94,,,,,,,,,
2023-04,แก๊สโซฮอล์ E85,35.39,,,,,,,,,
2023-04,เบนซิน 95,45.06,,,,,,,,,
2023-04,ดีเซล B7,33.44,,,,,,,,,
2023-04,ดีเซล B10,33.44,,,,,,,,,
2023-04,ดีเซล B20,33.44,,,,,,,,,
2023-05,แก๊สโซฮอล์ 95 (E10),35.65,,,,,,,,,
2023-05,แก๊สโซฮอล์ 91,35.38,,,,,,,,,
2023-05,แก๊สโซฮอล์ E20,33.34,,,,,,,,,
2023-05,แก๊สโซฮอล์ E85,33.79,,,,,,,,,
2023-05,เบนซิน 95,43.44,,,,,,,,,
2023-05,ดีเซล B7,32.94,,,,,,,,,
2023-05,ดีเซล B10,32.94,,,,,,,,,
2023-05,ดีเซล B20,32.94,,,,,,,,,
2023-06,แก๊สโซฮอล์ 95 (E10),35.75,,,,,,,,,
2023-06,แก๊สโซฮอล์ 91,35.48,,,,,,,,,
2023-06,แก๊สโซฮอล์ E20,33.44,,,,,,,,,
2023-06,แก๊สโซฮอล์ E85,33.89,,,,,,,,,
2023-06,เบนซิน 95,43.54,,,,,,,,,
2023-06,ดีเซล B7,31.94,,,,,,,,,
2023-06,ดีเซล B10,31.94,,,,,,,,,
2023-06,ดีเซล B20,31.94,,,,,,,,,
2023-07,แก๊สโซฮอล์ 95 (E10),38.35,,,,,,,,,
2023-07,แก๊สโซฮอล์ 91,38.08,,,,,,,,,
2023-07,แก๊สโซฮอล์ E20,36.04,,,,,,,,,
2023-07,แก๊สโซฮอล์ E85,36.49,,,,,,,,,
2023-07,เบนซิน 95,46.14,,,,,,,,,
2023-07,ดีเซล B7,31.94,,,,,,,,,
2023-07,ดีเซล B10,31.94,,,,,,,,,
2023-07,ดีเซล B20,31.94,,,,,,,,,
2023-08,แก๊สโซฮอล์ 95 (E10),40.05,,,,,,,,,
2023-08,แก๊สโซฮอล์ 91,39.78,,,,,,,,,
2023-08,แก๊สโซฮอล์ E20,37.74,,,,,,,,,
2023-08,แก๊สโซฮอล์ E85,38.19,,,,,,,,,
2023-08,เบนซิน 95,47.84,,,,,,,,,
2023-08,ดีเซล B7,31.94,,,,,,,,,
2023-08,ดีเซล B10,31.94,,,,,,,,,
2023-08,ดีเซล B20,31.94,,,,,,,,,
2023-09,แก๊สโซฮอล์ 95 (E10),40.45,,,,,,,,,
2023-09,แก๊สโซฮอล์ 91,40.18,,,,,,,,,
2023-09,แก๊สโซฮอล์ E20,38.14,,,,,,,,,
2023-09,แก๊สโซฮอล์ E85,37.79,,,,,,,,,
2023-09,เบนซิน 95,48.24,,,,,,,,,
2023-09,ดีเซล B7,31.94,,,,,,,,,
2023-09,ดีเซล B10,31.94,,,,,,,,,
2023-09,ดีเซล B20,31.94,,,,,,,,,
2023-10,แก๊สโซฮอล์ 95 (E10),39.45,,,,,,,,,
2023-10,แก๊สโซฮอล์ 91,39.18,,,,,,,,,
2023-10,แก๊สโซฮอล์ E20,37.14,,,,,,,,,
2023-10,แก๊สโซฮอล์ E85,36.79,,,,,,,,,
2023-10,เบนซิน 95,47.24,,,,,,,,,
2023-10,ดีเซล B7,29.94,,,,,,,,,
2023-10,ดีเซล B10,29.94,,,,,,,,,
2023-10,ดีเซล B20,29.94,,,,,,,,,
2023-11,แก๊สโซฮอล์ 95 (E10),38.25,,,,,,,,,
2023-11,แก๊สโซฮอล์ 91,37.98,,,,,,,,,
2023-11,แก๊สโซฮอล์ E20,35.94,,,,,,,,,
2023-11,แก๊สโซฮอล์ E85,36.09,,,,,,,,,
2023-11,เบนซิน 95,46.04,,,,,,,,,
2023-11,ดีเซล B7,29.94,,,,,,,,,
2023-11,ดีเซล B10,29.94,,,,,,,,,
2023-11,ดีเซล B20,29.94,,,,,,,,,
2023-12,แก๊สโซฮอล์ 95 (E10),36.05,,,,,,,,,
2023-12,แก๊สโซฮอล์ 91,34.28,,,,,,,,,
2023-12,แก๊สโซฮอล์ E20,33.94,,,,,,,,,
2023-12,แก๊สโซฮอล์ E85,34.09,,,,,,,,,
2023-12,เบนซิน 95,43.94,,,,,,,,,
2023-12,ดีเซล B7,29.94,,,,,,,,,
2023-12,ดีเซล B10,29.94,,,,,,,,,
2023-12,ดีเซล B20,29.94,,,,,,,,,
2024-01,แก๊สโซฮอล์ 95 (E10),37.55,,,,,,,,,
2024-01,แก๊สโซฮอล์ 91,35.78,,,,,,,,,
2024-01,แก๊สโซฮอล์ E20,35.44,,,,,,,,,
2024-01,แก๊สโซฮอล์ E85,35.59,,,,,,,,,
2024-01,เบนซิน 95,45.44,,,,,,,,,
2024-01,ดีเซล B7,29.94,,,,,,,,,
2024-01,ดีเซล B10,29.94,,,,,,,,,
2024-01,ดีเซล B20,29.94,,,,,,,,,
2024-02,แก๊สโซฮอล์ 95 (E10),38.45,,,,,,,,,
2024-02,แก๊สโซฮอล์ 91,36.68,,,,,,,,,
2024-02,แก๊สโซฮอล์ E20,36.34,,,,,,,,,
2024-02,แก๊สโซฮอล์ E85,36.09,,,,,,,,,
2024-02,เบนซิน 95,46.34,,,,,,,,,
2024-02,ดีเซล B7,29.94,,,,,,,,,
2024-02,ดีเซล B10,29.94,,,,,,,,,
2024-02,ดีเซล B20,29.94,,,,,,,,,
2024-03,แก๊สโซฮอล์ 95 (E10),39.15,,,,,,,,,
2024-03,แก๊สโซฮอล์ 91,37.68,,,,,,,,,
2024-03,แก๊สโซฮอล์ E20,37.04,,,,,,,,,
2024-03,แก๊สโซฮอล์ E85,36.79,,,,,,,,,
2024-03,เบนซิน 95,47.04,,,,,,,,,
2024-03,ดีเซล B7,29.94,,,,,,,,,
2024-03,ดีเซล B10,29.94,,,,,,,,,
2024-03,ดีเซล B20,29.94,,,,,,,,,
2024-04,แก๊สโซฮอล์ 95 (E10),40.35,,,,,,,,,
2024-04,แก๊สโซฮอล์ 91,39.28,,,,,,,,,
2024-04,แก๊สโซฮอล์ E20,38.24,,,,,,,,,
2024-04,แก๊สโซฮอล์ E85,37.99,,,,,,,,,
2024-04,เบนซิน 95,48.24,,,,,,,,,
2024-04,ดีเซล B7,30.94,,,,,,,,,
2024-04,ดีเซล B10,30.94,,,,,,,,,
2024-04,ดีเซล B20,30.94,,,,,,,,,
2024-05,แก๊สโซฮอล์ 95 (E10),40.35,,,,,,,,,
2024-05,แก๊สโซฮอล์ 91,39.28,,,,,,,,,
2024-05,แก๊สโซฮอล์ E20,38.24,,,,,,,,,
2024-05,แก๊สโซฮอล์ E85,37.99,,,,,,,,,
2024-05,เบนซิน 95,48.24,,,,,,,,,
2024-05,ดีเซล B7,32.94,,,,,,,,,
2024-05,ดีเซล B10,30.94,,,,,,,,,
2024-05,ดีเซล B20,32.94,,,,,,,,,
2024-06,แก๊สโซฮอล์ 95 (E10),38.45,,,,,,,,,
2024-06,แก๊สโซฮอล์ 91,38.08,,,,,,,,,
2024-06,แก๊สโซฮอล์ E20,36.34,,,,,,,,,
2024-06,แก๊สโซฮอล์ E85,36.09,,,,,,,,,
2024-06,เบนซิน 95,46.34,,,,,,,,,
2024-06,ดีเซล B7,32.94,,,,,,,,,
2024-06,ดีเซล B20,32.94,,,,,,,,,
2024-07,แก๊สโซฮอล์ 95 (E10),39.15,,,,,,,,,
2024-07,แก๊สโซฮอล์ 91,38.78,,,,,,,,,
2024-07,แก๊สโซฮอล์ E20,37.04,,,,,,,,,
2024-07,แก๊สโซฮอล์ E85,36.79,,,,,,,,,
2024-07,เบนซิน 95,47.04,,,,,,,,,
2024-07,ดีเซล B7,32.94,,,,,,,,,
2024-07,ดีเซล B20,32.94,,,,,,,,,
2024-08,แก๊สโซฮอล์ 95 (E10),38.05,,,,,,,,,
2024-08,แก๊สโซฮอล์ 91,37.68,,,,,,,,,
2024-08,แก๊สโซฮอล์ E20,35.94,,,,,,,,,
2024-08,แก๊สโซฮอล์ E85,35.69,,,,,,,,,
2024-08,เบนซิน 95,45.94,,,,,,,,,
2024-08,ดีเซล B7,32.94,,,,,,,,,
2024-08,ดีเซล B20,32.94,,,,,,,,,
2024-09,แก๊สโซฮอล์ 95 (E10),36.35,,,,,,,,,
2024-09,แก๊สโซฮอล์ 91,35.98,,,,,,,,,
2024-09,แก๊สโซฮอล์ E20,34.24,,,,,,,,,
2024-09,แก๊สโซฮอล์ E85,33.99,,,,,,,,,
2024-09,เบนซิน 95,44.24,,,,,,,,,
2024-09,ดีเซล B7,32.94,,,,,,,,,
2024-09,ดีเซล B20,32.94,,,,,,,,,
2024-10,แก๊สโซฮอล์ 95 (E10),35.95,,,,,,,,,
2024-10,แก๊สโซฮอล์ 91,35.58,,,,,,,,,
2024-10,แก๊สโซฮอล์ E20,33.84,,,,,,,,,
2024-10,แก๊สโซฮอล์ E85,33.59,,,,,,,,,
2024-10,เบนซิน 95,44.14,,,,,,,,,
2024-10,ดีเซล B7,32.94,,,,,,,,,
2024-10,ดีเซล B20,32.94,,,,,,,,,
2024-11,แก๊สโซฮอล์ 95 (E10),36.35,,,,,,,,,
2024-11,แก๊สโซฮอล์ 91,35.98,,,,,,,,,
2024-11,แก๊สโซฮอล์ E20,34.24,,,,,,,,,
2024-11,แก๊สโซฮอล์ E85,33.99,,,,,,,,,
2024-11,เบนซิน 95,44.64,,,,,,,,,
2024-11,ดีเซล B7,32.94,,,,,,,,,
2024-11,ดีเซล B20,32.94,,,,,,,,,
2024-12,แก๊สโซฮอล์ 95 (E10),36.55,,,,,,,,,
2024-12,แก๊สโซฮอล์ 91,36.18,,,,,,,,,
2024-12,แก๊สโซฮอล์ E20,34.44,,,,,,,,,
2024-12,แก๊สโซฮอล์ E85,34.19,,,,,,,,,
2024-12,เบนซิน 95,44.84,,,,,,,,,
2024-12,ดีเซล B7,32.94,,,,,,,,,
2025-01,แก๊สโซฮอล์ 95 (E10),36.25,,,,,,,,,
2025-01,แก๊สโซฮอล์ 91,35.88,,,,,,,,,
2025-01,แก๊สโซฮอล์ E20,34.14,,,,,,,,,
2025-01,แก๊สโซฮอล์ E85,33.89,,,,,,,,,
2025-01,เบนซิน 95,44.54,,,,,,,,,
2025-01,ดีเซล B7,32.94,,,,,,,,,
2025-02,แก๊สโซฮอล์ 95 (E10),35.75,,,,,,,,,
2025-02,แก๊สโซฮอล์ 91,35.38,,,,,,,,,
2025-02,แก๊สโซฮอล์ E20,33.54,,,,,,,,,
2025-02,แก๊สโซฮอล์ E85,32.59,,,,,,,,,
2025-02,เบนซิน 95,44.04,,,,,,,,,
2025-02,ดีเซล B7,32.94,,,,,,,,,
2025-03,แก๊สโซฮอล์ 95 (E10),35.35,,,,,,,,,
2025-03,แก๊สโซฮอล์ 91,34.98,,,,,,,,,
2025-03,แก๊สโซฮอล์ E20,33.14,,,,,,,,,
2025-03,แก๊สโซฮอล์ E85,31.69,,,,,,,,,
2025-03,เบนซิน 95,43.64,,,,,,,,,
2025-03,ดีเซล B7,32.94,,,,,,,,,
2025-04,แก๊สโซฮอล์ 95 (E10),34.15,,,,,,,,,
2025-04,แก๊สโซฮอล์ 91,33.78,,,,,,,,,
2025-04,แก๊สโซฮอล์ E20,31.94,,,,,,,,,
2025-04,แก๊สโซฮอล์ E85,30.29,,,,,,,,,
2025-04,เบนซิน 95,42.44,,,,,,,,,
2025-04,ดีเซล B7,32.44,,,,,,,,,
2025-05,แก๊สโซฮอล์ 95 (E10),32.85,,,,,,,,,
2025-05,แก๊สโซฮอล์ 91,32.48,,,,,,,,,
2025-05,แก๊สโซฮอล์ E20,30.64,,,,,,,,,
2025-05,แก๊สโซฮอล์ E85,28.99,,,,,,,,,
2025-05,เบนซิน 95,41.14,,,,,,,,,
2025-05,ดีเซล B7,31.94,,,,,,,,,
2025-06,แก๊สโซฮอล์ 95 (E10),33.65,,,,,,,,,
2025-06,แก๊สโซฮอล์ 91,33.28,,,,,,,,,
2025-06,แก๊สโซฮอล์ E20,31.44,,,,,,,,,
2025-06,แก๊สโซฮอล์ E85,29.79,,,,,,,,,
2025-06,เบนซิน 95,41.94,,,,,,,,,
2025-06,ดีเซล B7,31.94,,,,,,,,,
2025-07,แก๊สโซฮอล์ 95 (E10),33.15,,,,,,,,,
2025-07,แก๊สโซฮอล์ 91,32.78,,,,,,,,,
2025-07,แก๊สโซฮอล์ E20,30.94,,,,,,,,,
2025-07,แก๊สโซฮอล์ E85,29.29,,,,,,,,,
2025-07,เบนซิน 95,41.44,,,,,,,,,
2025-07,ดีเซล B7,31.94,,,,,,,,,
2025-08,แก๊สโซฮอล์ 95 (E10),33.25,,,,,,,,,
2025-08,แก๊สโซฮอล์ 91,32.88,,,,,,,,,
2025-08,แก๊สโซฮอล์ E20,31.04,,,,,,,,,
2025-08,แก๊สโซฮอล์ E85,29.39,,,,,,,,,
2025-08,เบนซิน 95,41.54,,,,,,,,,
2025-08,ดีเซล B7,31.94,,,,,,,,,
2025-09,แก๊สโซฮอล์ 95 (E10),32.95,,,,,,,,,
2025-09,แก๊สโซฮอล์ 91,32.58,,,,,,,,,
2025-09,แก๊สโซฮอล์ E20,30.74,,,,,,,,,
2025-09,แก๊สโซฮอล์ E85,28.69,,,,,,,,,
2025-09,เบนซิน 95,41.24,,,,,,,,,
2025-09,ดีเซล B7,31.94,,,,,,,,,
2025-10,แก๊สโซฮอล์ 95 (E10),32.65,,,,,,,,,
2025-10,แก๊สโซฮอล์ 91,32.28,,,,,,,,,
2025-10,แก๊สโซฮอล์ E20,30.44,,,,,,,,,
2025-10,แก๊สโซฮอล์ E85,28.39,,,,,,,,,
2025-10,เบนซิน 95,40.94,,,,,,,,,
2025-10,ดีเซล B7,31.94,,,,,,,,,
2025-11,แก๊สโซฮอล์ 95 (E10),31.85,,,,,,,,,
2025-11,แก๊สโซฮอล์ 91,31.48,,,,,,,,,
2025-11,แก๊สโซฮอล์ E20,29.64,,,,,,,,,
2025-11,แก๊สโซฮอล์ E85,27.59,,,,,,,,,
2025-11,เบนซิน 95,40.14,,,,,,,,,
2025-11,ดีเซล B7,30.94,,,,,,,,,
2025-12,แก๊สโซฮอล์ 95 (E10),31.85,,,,,,,,,
2025-12,แก๊สโซฮอล์ 91,31.48,,,,,,,,,
2025-12,แก๊สโซฮอล์ E20,29.64,,,,,,,,,
2025-12,แก๊สโซฮอล์ E85,27.59,,,,,,,,,
2025-12,เบนซิน 95,40.14,,,,,,,,,
2025-12,ดีเซล B7,30.94,,,,,,,,,
2026-01,แก๊สโซฮอล์ 95 (E10),31.35,,,,,,,,,
2026-01,แก๊สโซฮอล์ 91,30.98,,,,,,,,,
2026-01,แก๊สโซฮอล์ E20,29.14,,,,,,,,,
2026-01,แก๊สโซฮอล์ E85,27.09,,,,,,,,,
2026-01,เบนซิน 95,39.64,,,,,,,,,
2026-01,ดีเซล B7,30.44,,,,,,,,,
2026-02,แก๊สโซฮอล์ 95 (E10),30.85,,,,,,,,,
2026-02,แก๊สโซฮอล์ 91,30.48,,,,,,,,,
2026-02,แก๊สโซฮอล์ E20,28.64,,,,,,,,,
2026-02,แก๊สโซฮอล์ E85,26.59,,,,,,,,,
2026-02,เบนซิน 95,39.14,,,,,,,,,
2026-02,ดีเซล B7,29.94,,,,,,,,,
2026-03,แก๊สโซฮอล์ 95 (E10),42.05,,,,,,,,,
2026-03,แก๊สโซฮอล์ 91,41.68,,,,,,,,,
2026-03,แก๊สโซฮอล์ E20,37.05,,,,,,,,,
2026-03,แก๊สโซฮอล์ E85,33.79,,,,,,,,,
2026-03,เบนซิน 95,50.64,,,,,,,,,
2026-03,ดีเซล B7,40.74,,,,,,,,,
2026-03,ดีเซล B20,35.74,,,,,,,,,
2026-04,แก๊สโซฮอล์ 95 (E10),43.95,,,,,,,,,
2026-04,แก๊สโซฮอล์ 91,43.58,,,,,,,,,
2026-04,แก๊สโซฮอล์ E20,38.95,,,,,,,,,
2026-04,แก๊สโซฮอล์ E85,35.69,,,,,,,,,
2026-04,เบนซิน 95,52.54,,,,,,,,,
2026-04,ดีเซล B7,50.54,,,,,,,,,
2026-04,ดีเซล B20,45.54,,,,,,,,,
2026-05,แก๊สโซฮอล์ 95 (E10),44.9,,,,,,,,,
2026-05,แก๊สโซฮอล์ 91,44.53,,,,,,,,,
2026-05,แก๊สโซฮอล์ E20,37.9,,,,,,,,,
2026-05,แก๊สโซฮอล์ E85,33.84,,,,,,,,,
2026-05,เบนซิน 95,54.49,,,,,,,,,
2026-05,ดีเซล B7,42.2,,,,,,,,,
2026-05,ดีเซล B20,35.2,,,,,,,,,
2026-06,แก๊สโซฮอล์ 95 (E10),43.3,,,,,,,,,
2026-06,แก๊สโซฮอล์ 91,42.93,,,,,,,,,
2026-06,แก๊สโซฮอล์ E20,38.3,,,,,,,,,
2026-06,แก๊สโซฮอล์ E85,34.24,,,,,,,,,
2026-06,เบนซิน 95,52.89,,,,,,,,,
2026-06,ดีเซล B7,41.5,,,,,,,,,
2026-06,ดีเซล B20,36.0,,,,,,,,,
2026-07,แก๊สโซฮอล์ 95 (E10),38.05,,,,,,,,,
2026-07,แก๊สโซฮอล์ 91,37.68,,,,,,,,,
2026-07,แก๊สโซฮอล์ E20,33.05,,,,,,,,,
2026-07,แก๊สโซฮอล์ E85,28.99,,,,,,,,,
2026-07,เบนซิน 95,47.64,,,,,,,,,
2026-07,ดีเซล B7,37.5,,,,,,,,,
2026-07,ดีเซล B20,32.5,,,,,,,,,
2026-08,แก๊สโซฮอล์ 95 (E10),37.69,,,,,,,,,
2026-08,แก๊สโซฮอล์ 91,37.32,,,,,,,,,
2026-08,แก๊สโซฮอล์ E20,32.69,,,,,,,,,
2026-08,แก๊สโซฮอล์ E85,28.63,,,,,,,,,
2026-08,เบนซิน 95,46.68,,,,,,,,,
2026-08,ดีเซล B7,38.39,,,,,,,,,
2026-08,ดีเซล B20,33.39,,,,,,,,,
2026-09,แก๊สโซฮอล์ 95 (E10),39.94,39.94,40.44,,39.94,39.94,39.94,39.94,39.94,39.94
2026-09,แก๊สโซฮอล์ 91,39.57,39.57,40.07,,39.57,39.57,39.57,39.57,39.57,39.57
2026-09,แก๊สโซฮอล์ E20,34.94,34.94,35.14,,34.94,,34.94,34.94,34.94,34.94
2026-09,แก๊สโซฮอล์ E85,30.88,30.88,,,,,,,,
2026-09,แก๊สโซฮอล์ 95 พรีเมียม,47.79,49.29,51.84,,,,,,,
2026-09,แก๊สโซฮอล์ 99 พรีเมียม,49.79,,,,,,,,,
2026-09,เบนซิน 95,48.93,,,,49.26,,49.43,49.08,,49.08
2026-09,ดีเซล B7,41.44,41.44,41.44,,41.44,41.44,41.44,41.44,41.44,41.44
2026-09,ดีเซล B20,36.44,36.44,36.44,,36.44,,36.44,36.44,36.44,36.44
2026-09,ดีเซลพรีเมียม,50.05,50.05,51.84,,50.05,,,,,
