year,product,ปตท.,บางจาก,เชลล์,เอสโซ่,เชฟรอน (คาลเท็กซ์),ไออาร์พีซี,พีทีจี เอ็นเนอยี (PT),ซัสโก้,เพียว,ซัสโก้ ดีลเลอร์
2025,แก๊สโซฮอล์ 95 (E10),33.246,,,,,,,,,
2025,แก๊สโซฮอล์ 91,32.876,,,,,,,,,
2025,แก๊สโซฮอล์ E20,31.039,,,,,,,,,
2025,แก๊สโซฮอล์ E85,29.372,,,,,,,,,
2025,เบนซิน 95,41.536,,,,,,,,,
2025,ดีเซล B7,31.954,,,,,,,,,
2026,แก๊สโซฮอล์ 95 (E10),37.235,39.94,40.44,,39.94,39.94,39.94,39.94,39.94,39.94
2026,แก๊สโซฮอล์ 91,36.865,39.57,40.07,,39.57,39.57,39.57,39.57,39.57,39.57
2026,แก๊สโซฮอล์ E20,32.638,34.94,35.14,,34.94,,34.94,34.94,34.94,34.94
2026,แก๊สโซฮอล์ E85,29.201,30.88,,,,,,,,
2026,แก๊สโซฮอล์ 95 พรีเมียม,47.79,49.29,51.84,,,,,,,
2026,แก๊สโซฮอล์ 99 พรีเมียม,49.79,,,,,,,,,
2026,เบนซิน 95,46.208,,,,49.26,,49.43,49.08,,49.08
2026,ดีเซล B7,36.703,41.44,41.44,,41.44,41.44,41.44,41.44,41.44,41.44
2026,ดีเซล B20,34.134,36.44,36.44,,36.44,,36.44,36.44,36.44,36.44
2026,ดีเซลพรีเมียม,50.05,50.05,51.84,,50.05,,,,,
