snapshot_date,brand_code,brand_name_th,product_code,product_name_th,price,effective_date,effective_time,source,fetched_at
2026-09-25,bcp,บางจาก,ds,ดีเซล B7,41.44,2026-09-24,05:00,eppo_api,2026-09-25T10:00:00+07:00
2026-09-25,bcp,บางจาก,dsb20,ดีเซล B20,36.44,2026-09-24,05:00,eppo_api,2026-09-25T10:00:00+07:00
2026-09-25,bcp,บางจาก,e20,แก๊สโซฮอล์ E20,34.94,2026-09-24,05:00,eppo_api,2026-09-25T10:00:00+07:00
2026-09-25,bcp,บางจาก,e85,แก๊สโซฮอล์ E85,30.88,2026-09-24,05:00,eppo_api,2026-09-25T10:00:00+07:00
2026-09-25,bcp,บางจาก,gh91,แก๊สโซฮอล์ 91,39.57,2026-09-24,05:00,eppo_api,2026-09-25T10:00:00+07:00
2026-09-25,bcp,บางจาก,gh95,แก๊สโซฮอล์ 95 (E10),39.94,2026-09-24,05:00,eppo_api,2026-09-25T10:00:00+07:00
2026-09-25,bcp,บางจาก,gs95p,แก๊สโซฮอล์ 95 พรีเมียม,49.29,2026-09-24,05:00,eppo_api,2026-09-25T10:00:00+07:00
2026-09-25,bcp,บางจาก,pds,ดีเซลพรีเมียม,50.05,2026-09-24,05:00,eppo_api,2026-09-25T10:00:00+07:00
2026-09-25,caltex,เชฟรอน (คาลเท็กซ์),ds,ดีเซล B7,41.44,2026-09-24,05:00,eppo_api,2026-09-25T10:00:00+07:00
2026-09-25,caltex,เชฟรอน (คาลเท็กซ์),dsb20,ดีเซล B20,36.44,2026-09-24,05:00,eppo_api,2026-09-25T10:00:00+07:00
2026-09-25,caltex,เชฟรอน (คาลเท็กซ์),e20,แก๊สโซฮอล์ E20,34.94,2026-09-24,05:00,eppo_api,2026-09-25T10:00:00+07:00
2026-09-25,caltex,เชฟรอน (คาลเท็กซ์),gh91,แก๊สโซฮอล์ 91,39.57,2026-09-24,05:00,eppo_api,2026-09-25T10:00:00+07:00
2026-09-25,caltex,เชฟรอน (คาลเท็กซ์),gh95,แก๊สโซฮอล์ 95 (E10),39.94,2026-09-24,05:00,eppo_api,2026-09-25T10:00:00+07:00
2026-09-25,caltex,เชฟรอน (คาลเท็กซ์),gl95,เบนซิน 95,49.26,2026-09-24,05:00,eppo_api,2026-09-25T10:00:00+07:00
2026-09-25,caltex,เชฟรอน (คาลเท็กซ์),pds,ดีเซลพรีเมียม,50.05,2026-09-24,05:00,eppo_api,2026-09-25T10:00:00+07:00
2026-09-25,esso,เอสโซ่,ds,ดีเซล B7,31.94,2025-09-24,05:00,eppo_api,2026-09-25T10:00:00+07:00
2026-09-25,esso,เอสโซ่,e20,แก๊สโซฮอล์ E20,30.44,2025-09-24,05:00,eppo_api,2026-09-25T10:00:00+07:00
2026-09-25,esso,เอสโซ่,gh91,แก๊สโซฮอล์ 91,32.28,2025-09-24,05:00,eppo_api,2026-09-25T10:00:00+07:00
2026-09-25,esso,เอสโซ่,gh95,แก๊สโซฮอล์ 95 (E10),32.65,2025-09-24,05:00,eppo_api,2026-09-25T10:00:00+07:00
2026-09-25,esso,เอสโซ่,gs95p,แก๊สโซฮอล์ 95 พรีเมียม,49.84,2025-09-24,05:00,eppo_api,2026-09-25T10:00:00+07:00
2026-09-25,esso,เอสโซ่,pds,ดีเซลพรีเมียม,46.14,2025-09-24,05:00,eppo_api,2026-09-25T10:00:00+07:00
2026-09-25,irpc,ไออาร์พีซี,ds,ดีเซล B7,41.44,2026-09-24,05:00,eppo_api,2026-09-25T10:00:00+07:00
2026-09-25,irpc,ไออาร์พีซี,gh91,แก๊สโซฮอล์ 91,39.57,2026-09-24,05:00,eppo_api,2026-09-25T10:00:00+07:00
2026-09-25,irpc,ไออาร์พีซี,gh95,แก๊สโซฮอล์ 95 (E10),39.94,2026-09-24,05:00,eppo_api,2026-09-25T10:00:00+07:00
2026-09-25,pt,พีทีจี เอ็นเนอยี (PT),ds,ดีเซล B7,41.44,2026-09-24,05:00,eppo_api,2026-09-25T10:00:00+07:00
2026-09-25,pt,พีทีจี เอ็นเนอยี (PT),dsb20,ดีเซล B20,36.44,2026-09-24,05:00,eppo_api,2026-09-25T10:00:00+07:00
2026-09-25,pt,พีทีจี เอ็นเนอยี (PT),e20,แก๊สโซฮอล์ E20,34.94,2026-09-24,05:00,eppo_api,2026-09-25T10:00:00+07:00
2026-09-25,pt,พีทีจี เอ็นเนอยี (PT),gh91,แก๊สโซฮอล์ 91,39.57,2026-09-24,05:00,eppo_api,2026-09-25T10:00:00+07:00
2026-09-25,pt,พีทีจี เอ็นเนอยี (PT),gh95,แก๊สโซฮอล์ 95 (E10),39.94,2026-09-24,05:00,eppo_api,2026-09-25T10:00:00+07:00
2026-09-25,pt,พีทีจี เอ็นเนอยี (PT),gl95,เบนซิน 95,49.43,2026-09-24,05:00,eppo_api,2026-09-25T10:00:00+07:00
2026-09-25,ptt,ปตท.,ds,ดีเซล B7,41.44,2026-09-24,05:00,eppo_api,2026-09-25T10:00:00+07:00
2026-09-25,ptt,ปตท.,dsb20,ดีเซล B20,36.44,2026-09-24,05:00,eppo_api,2026-09-25T10:00:00+07:00
2026-09-25,ptt,ปตท.,e20,แก๊สโซฮอล์ E20,34.94,2026-09-24,05:00,eppo_api,2026-09-25T10:00:00+07:00
2026-09-25,ptt,ปตท.,e85,แก๊สโซฮอล์ E85,30.88,2026-09-24,05:00,eppo_api,2026-09-25T10:00:00+07:00
2026-09-25,ptt,ปตท.,gh91,แก๊สโซฮอล์ 91,39.57,2026-09-24,05:00,eppo_api,2026-09-25T10:00:00+07:00
2026-09-25,ptt,ปตท.,gh95,แก๊สโซฮอล์ 95 (E10),39.94,2026-09-24,05:00,eppo_api,2026-09-25T10:00:00+07:00
2026-09-25,ptt,ปตท.,gl95,เบนซิน 95,48.93,2026-09-24,05:00,eppo_api,2026-09-25T10:00:00+07:00
2026-09-25,ptt,ปตท.,gs95p,แก๊สโซฮอล์ 95 พรีเมียม,47.79,2026-09-24,05:00,eppo_api,2026-09-25T10:00:00+07:00
2026-09-25,ptt,ปตท.,gs99p,แก๊สโซฮอล์ 99 พรีเมียม,49.79,2026-09-24,05:00,eppo_api,2026-09-25T10:00:00+07:00
2026-09-25,ptt,ปตท.,pds,ดีเซลพรีเมียม,50.05,2026-09-24,05:00,eppo_api,2026-09-25T10:00:00+07:00
2026-09-25,pure,เพียว,ds,ดีเซล B7,41.44,2026-09-24,05:00,eppo_api,2026-09-25T10:00:00+07:00
2026-09-25,pure,เพียว,dsb20,ดีเซล B20,36.44,2026-09-24,05:00,eppo_api,2026-09-25T10:00:00+07:00
2026-09-25,pure,เพียว,e20,แก๊สโซฮอล์ E20,34.94,2026-09-24,05:00,eppo_api,2026-09-25T10:00:00+07:00
2026-09-25,pure,เพียว,gh91,แก๊สโซฮอล์ 91,39.57,2026-09-24,05:00,eppo_api,2026-09-25T10:00:00+07:00
2026-09-25,pure,เพียว,gh95,แก๊สโซฮอล์ 95 (E10),39.94,2026-09-24,05:00,eppo_api,2026-09-25T10:00:00+07:00
2026-09-25,shell,เชลล์,ds,ดีเซล B7,41.44,2026-09-24,05:00,eppo_api,2026-09-25T10:00:00+07:00
2026-09-25,shell,เชลล์,dsb20,ดีเซล B20,36.44,2026-09-24,05:00,eppo_api,2026-09-25T10:00:00+07:00
2026-09-25,shell,เชลล์,e20,แก๊สโซฮอล์ E20,35.14,2026-09-24,05:00,eppo_api,2026-09-25T10:00:00+07:00
2026-09-25,shell,เชลล์,gh91,แก๊สโซฮอล์ 91,40.07,2026-09-24,05:00,eppo_api,2026-09-25T10:00:00+07:00
2026-09-25,shell,เชลล์,gh95,แก๊สโซฮอล์ 95 (E10),40.44,2026-09-24,05:00,eppo_api,2026-09-25T10:00:00+07:00
2026-09-25,shell,เชลล์,gs95p,แก๊สโซฮอล์ 95 พรีเมียม,51.84,2026-09-24,05:00,eppo_api,2026-09-25T10:00:00+07:00
2026-09-25,shell,เชลล์,pds,ดีเซลพรีเมียม,51.84,2026-09-24,05:00,eppo_api,2026-09-25T10:00:00+07:00
2026-09-25,susco1,ซัสโก้,ds,ดีเซล B7,41.44,2026-09-24,05:00,eppo_api,2026-09-25T10:00:00+07:00
2026-09-25,susco1,ซัสโก้,dsb20,ดีเซล B20,36.44,2026-09-24,05:00,eppo_api,2026-09-25T10:00:00+07:00
2026-09-25,susco1,ซัสโก้,e20,แก๊สโซฮอล์ E20,34.94,2026-09-24,05:00,eppo_api,2026-09-25T10:00:00+07:00
2026-09-25,susco1,ซัสโก้,gh91,แก๊สโซฮอล์ 91,39.57,2026-09-24,05:00,eppo_api,2026-09-25T10:00:00+07:00
2026-09-25,susco1,ซัสโก้,gh95,แก๊สโซฮอล์ 95 (E10),39.94,2026-09-24,05:00,eppo_api,2026-09-25T10:00:00+07:00
2026-09-25,susco1,ซัสโก้,gl95,เบนซิน 95,49.08,2026-09-24,05:00,eppo_api,2026-09-25T10:00:00+07:00
2026-09-25,susco2,ซัสโก้ ดีลเลอร์,ds,ดีเซล B7,41.44,2026-09-24,05:00,eppo_api,2026-09-25T10:00:00+07:00
2026-09-25,susco2,ซัสโก้ ดีลเลอร์,dsb20,ดีเซล B20,36.44,2026-09-24,05:00,eppo_api,2026-09-25T10:00:00+07:00
2026-09-25,susco2,ซัสโก้ ดีลเลอร์,e20,แก๊สโซฮอล์ E20,34.94,2026-09-24,05:00,eppo_api,2026-09-25T10:00:00+07:00
2026-09-25,susco2,ซัสโก้ ดีลเลอร์,gh91,แก๊สโซฮอล์ 91,39.57,2026-09-24,05:00,eppo_api,2026-09-25T10:00:00+07:00
2026-09-25,susco2,ซัสโก้ ดีลเลอร์,gh95,แก๊สโซฮอล์ 95 (E10),39.94,2026-09-24,05:00,eppo_api,2026-09-25T10:00:00+07:00
2026-09-25,susco2,ซัสโก้ ดีลเลอร์,gl95,เบนซิน 95,49.08,2026-09-24,05:00,eppo_api,2026-09-25T10:00:00+07:00
2026-09-28,bcp,บางจาก,ds,ดีเซล B7,41.44,2026-09-24,05:00,eppo_api,2026-09-28T11:45:00+07:00
2026-09-28,bcp,บางจาก,dsb20,ดีเซล B20,36.44,2026-09-24,05:00,eppo_api,2026-09-28T11:45:00+07:00
2026-09-28,bcp,บางจาก,e20,แก๊สโซฮอล์ E20,34.94,2026-09-24,05:00,eppo_api,2026-09-28T11:45:00+07:00
2026-09-28,bcp,บางจาก,e85,แก๊สโซฮอล์ E85,30.88,2026-09-24,05:00,eppo_api,2026-09-28T11:45:00+07:00
2026-09-28,bcp,บางจาก,gh91,แก๊สโซฮอล์ 91,39.57,2026-09-24,05:00,eppo_api,2026-09-28T11:45:00+07:00
2026-09-28,bcp,บางจาก,gh95,แก๊สโซฮอล์ 95 (E10),39.94,2026-09-24,05:00,eppo_api,2026-09-28T11:45:00+07:00
2026-09-28,bcp,บางจาก,gs95p,แก๊สโซฮอล์ 95 พรีเมียม,49.29,2026-09-24,05:00,eppo_api,2026-09-28T11:45:00+07:00
2026-09-28,bcp,บางจาก,pds,ดีเซลพรีเมียม,50.05,2026-09-24,05:00,eppo_api,2026-09-28T11:45:00+07:00
2026-09-28,caltex,เชฟรอน (คาลเท็กซ์),ds,ดีเซล B7,41.44,2026-09-24,05:00,eppo_api,2026-09-28T11:45:00+07:00
2026-09-28,caltex,เชฟรอน (คาลเท็กซ์),dsb20,ดีเซล B20,36.44,2026-09-24,05:00,eppo_api,2026-09-28T11:45:00+07:00
2026-09-28,caltex,เชฟรอน (คาลเท็กซ์),e20,แก๊สโซฮอล์ E20,34.94,2026-09-24,05:00,eppo_api,2026-09-28T11:45:00+07:00
2026-09-28,caltex,เชฟรอน (คาลเท็กซ์),gh91,แก๊สโซฮอล์ 91,39.57,2026-09-24,05:00,eppo_api,2026-09-28T11:45:00+07:00
2026-09-28,caltex,เชฟรอน (คาลเท็กซ์),gh95,แก๊สโซฮอล์ 95 (E10),39.94,2026-09-24,05:00,eppo_api,2026-09-28T11:45:00+07:00
2026-09-28,caltex,เชฟรอน (คาลเท็กซ์),gl95,เบนซิน 95,49.26,2026-09-24,05:00,eppo_api,2026-09-28T11:45:00+07:00
2026-09-28,caltex,เชฟรอน (คาลเท็กซ์),pds,ดีเซลพรีเมียม,50.05,2026-09-24,05:00,eppo_api,2026-09-28T11:45:00+07:00
2026-09-28,esso,เอสโซ่,ds,ดีเซล B7,31.94,2025-09-24,05:00,eppo_api,2026-09-28T11:45:00+07:00
2026-09-28,esso,เอสโซ่,e20,แก๊สโซฮอล์ E20,30.44,2025-09-24,05:00,eppo_api,2026-09-28T11:45:00+07:00
2026-09-28,esso,เอสโซ่,gh91,แก๊สโซฮอล์ 91,32.28,2025-09-24,05:00,eppo_api,2026-09-28T11:45:00+07:00
2026-09-28,esso,เอสโซ่,gh95,แก๊สโซฮอล์ 95 (E10),32.65,2025-09-24,05:00,eppo_api,2026-09-28T11:45:00+07:00
2026-09-28,esso,เอสโซ่,gs95p,แก๊สโซฮอล์ 95 พรีเมียม,49.84,2025-09-24,05:00,eppo_api,2026-09-28T11:45:00+07:00
2026-09-28,esso,เอสโซ่,pds,ดีเซลพรีเมียม,46.14,2025-09-24,05:00,eppo_api,2026-09-28T11:45:00+07:00
2026-09-28,irpc,ไออาร์พีซี,ds,ดีเซล B7,41.44,2026-09-24,05:00,eppo_api,2026-09-28T11:45:00+07:00
2026-09-28,irpc,ไออาร์พีซี,gh91,แก๊สโซฮอล์ 91,39.57,2026-09-24,05:00,eppo_api,2026-09-28T11:45:00+07:00
2026-09-28,irpc,ไออาร์พีซี,gh95,แก๊สโซฮอล์ 95 (E10),39.94,2026-09-24,05:00,eppo_api,2026-09-28T11:45:00+07:00
2026-09-28,pt,พีทีจี เอ็นเนอยี (PT),ds,ดีเซล B7,41.44,2026-09-24,05:00,eppo_api,2026-09-28T11:45:00+07:00
2026-09-28,pt,พีทีจี เอ็นเนอยี (PT),dsb20,ดีเซล B20,36.44,2026-09-24,05:00,eppo_api,2026-09-28T11:45:00+07:00
2026-09-28,pt,พีทีจี เอ็นเนอยี (PT),e20,แก๊สโซฮอล์ E20,34.94,2026-09-24,05:00,eppo_api,2026-09-28T11:45:00+07:00
2026-09-28,pt,พีทีจี เอ็นเนอยี (PT),gh91,แก๊สโซฮอล์ 91,39.57,2026-09-24,05:00,eppo_api,2026-09-28T11:45:00+07:00
2026-09-28,pt,พีทีจี เอ็นเนอยี (PT),gh95,แก๊สโซฮอล์ 95 (E10),39.94,2026-09-24,05:00,eppo_api,2026-09-28T11:45:00+07:00
2026-09-28,pt,พีทีจี เอ็นเนอยี (PT),gl95,เบนซิน 95,49.43,2026-09-24,05:00,eppo_api,2026-09-28T11:45:00+07:00
2026-09-28,ptt,ปตท.,ds,ดีเซล B7,41.44,2026-09-24,05:00,eppo_api,2026-09-28T11:45:00+07:00
2026-09-28,ptt,ปตท.,dsb20,ดีเซล B20,36.44,2026-09-24,05:00,eppo_api,2026-09-28T11:45:00+07:00
2026-09-28,ptt,ปตท.,e20,แก๊สโซฮอล์ E20,34.94,2026-09-24,05:00,eppo_api,2026-09-28T11:45:00+07:00
2026-09-28,ptt,ปตท.,e85,แก๊สโซฮอล์ E85,30.88,2026-09-24,05:00,eppo_api,2026-09-28T11:45:00+07:00
2026-09-28,ptt,ปตท.,gh91,แก๊สโซฮอล์ 91,39.57,2026-09-24,05:00,eppo_api,2026-09-28T11:45:00+07:00
2026-09-28,ptt,ปตท.,gh95,แก๊สโซฮอล์ 95 (E10),39.94,2026-09-24,05:00,eppo_api,2026-09-28T11:45:00+07:00
2026-09-28,ptt,ปตท.,gl95,เบนซิน 95,48.93,2026-09-24,05:00,eppo_api,2026-09-28T11:45:00+07:00
2026-09-28,ptt,ปตท.,gs95p,แก๊สโซฮอล์ 95 พรีเมียม,47.79,2026-09-24,05:00,eppo_api,2026-09-28T11:45:00+07:00
2026-09-28,ptt,ปตท.,gs99p,แก๊สโซฮอล์ 99 พรีเมียม,49.79,2026-09-24,05:00,eppo_api,2026-09-28T11:45:00+07:00
2026-09-28,ptt,ปตท.,pds,ดีเซลพรีเมียม,50.05,2026-09-24,05:00,eppo_api,2026-09-28T11:45:00+07:00
2026-09-28,pure,เพียว,ds,ดีเซล B7,41.44,2026-09-24,05:00,eppo_api,2026-09-28T11:45:00+07:00
2026-09-28,pure,เพียว,dsb20,ดีเซล B20,36.44,2026-09-24,05:00,eppo_api,2026-09-28T11:45:00+07:00
2026-09-28,pure,เพียว,e20,แก๊สโซฮอล์ E20,34.94,2026-09-24,05:00,eppo_api,2026-09-28T11:45:00+07:00
2026-09-28,pure,เพียว,gh91,แก๊สโซฮอล์ 91,39.57,2026-09-24,05:00,eppo_api,2026-09-28T11:45:00+07:00
2026-09-28,pure,เพียว,gh95,แก๊สโซฮอล์ 95 (E10),39.94,2026-09-24,05:00,eppo_api,2026-09-28T11:45:00+07:00
2026-09-28,shell,เชลล์,ds,ดีเซล B7,41.44,2026-09-24,05:00,eppo_api,2026-09-28T11:45:00+07:00
2026-09-28,shell,เชลล์,dsb20,ดีเซล B20,36.44,2026-09-24,05:00,eppo_api,2026-09-28T11:45:00+07:00
2026-09-28,shell,เชลล์,e20,แก๊สโซฮอล์ E20,35.14,2026-09-24,05:00,eppo_api,2026-09-28T11:45:00+07:00
2026-09-28,shell,เชลล์,gh91,แก๊สโซฮอล์ 91,40.07,2026-09-24,05:00,eppo_api,2026-09-28T11:45:00+07:00
2026-09-28,shell,เชลล์,gh95,แก๊สโซฮอล์ 95 (E10),40.44,2026-09-24,05:00,eppo_api,2026-09-28T11:45:00+07:00
2026-09-28,shell,เชลล์,gs95p,แก๊สโซฮอล์ 95 พรีเมียม,51.84,2026-09-24,05:00,eppo_api,2026-09-28T11:45:00+07:00
2026-09-28,shell,เชลล์,pds,ดีเซลพรีเมียม,51.84,2026-09-24,05:00,eppo_api,2026-09-28T11:45:00+07:00
2026-09-28,susco1,ซัสโก้,ds,ดีเซล B7,41.44,2026-09-24,05:00,eppo_api,2026-09-28T11:45:00+07:00
2026-09-28,susco1,ซัสโก้,dsb20,ดีเซล B20,36.44,2026-09-24,05:00,eppo_api,2026-09-28T11:45:00+07:00
2026-09-28,susco1,ซัสโก้,e20,แก๊สโซฮอล์ E20,34.94,2026-09-24,05:00,eppo_api,2026-09-28T11:45:00+07:00
2026-09-28,susco1,ซัสโก้,gh91,แก๊สโซฮอล์ 91,39.57,2026-09-24,05:00,eppo_api,2026-09-28T11:45:00+07:00
2026-09-28,susco1,ซัสโก้,gh95,แก๊สโซฮอล์ 95 (E10),39.94,2026-09-24,05:00,eppo_api,2026-09-28T11:45:00+07:00
2026-09-28,susco1,ซัสโก้,gl95,เบนซิน 95,49.08,2026-09-24,05:00,eppo_api,2026-09-28T11:45:00+07:00
2026-09-28,susco2,ซัสโก้ ดีลเลอร์,ds,ดีเซล B7,41.44,2026-09-24,05:00,eppo_api,2026-09-28T11:45:00+07:00
2026-09-28,susco2,ซัสโก้ ดีลเลอร์,dsb20,ดีเซล B20,36.44,2026-09-24,05:00,eppo_api,2026-09-28T11:45:00+07:00
2026-09-28,susco2,ซัสโก้ ดีลเลอร์,e20,แก๊สโซฮอล์ E20,34.94,2026-09-24,05:00,eppo_api,2026-09-28T11:45:00+07:00
2026-09-28,susco2,ซัสโก้ ดีลเลอร์,gh91,แก๊สโซฮอล์ 91,39.57,2026-09-24,05:00,eppo_api,2026-09-28T11:45:00+07:00
2026-09-28,susco2,ซัสโก้ ดีลเลอร์,gh95,แก๊สโซฮอล์ 95 (E10),39.94,2026-09-24,05:00,eppo_api,2026-09-28T11:45:00+07:00
2026-09-28,susco2,ซัสโก้ ดีลเลอร์,gl95,เบนซิน 95,49.08,2026-09-24,05:00,eppo_api,2026-09-28T11:45:00+07:00
2026-09-29,bcp,บางจาก,ds,ดีเซล B7,41.44,2026-09-24,05:00,eppo_api,2026-09-29T10:18:54+07:00
2026-09-29,bcp,บางจาก,dsb20,ดีเซล B20,36.44,2026-09-24,05:00,eppo_api,2026-09-29T10:18:54+07:00
2026-09-29,bcp,บางจาก,e20,แก๊สโซฮอล์ E20,34.94,2026-09-24,05:00,eppo_api,2026-09-29T10:18:54+07:00
2026-09-29,bcp,บางจาก,e85,แก๊สโซฮอล์ E85,30.88,2026-09-24,05:00,eppo_api,2026-09-29T10:18:54+07:00
2026-09-29,bcp,บางจาก,gh91,แก๊สโซฮอล์ 91,39.57,2026-09-24,05:00,eppo_api,2026-09-29T10:18:54+07:00
2026-09-29,bcp,บางจาก,gh95,แก๊สโซฮอล์ 95 (E10),39.94,2026-09-24,05:00,eppo_api,2026-09-29T10:18:54+07:00
2026-09-29,bcp,บางจาก,gs95p,แก๊สโซฮอล์ 95 พรีเมียม,49.29,2026-09-24,05:00,eppo_api,2026-09-29T10:18:54+07:00
2026-09-29,bcp,บางจาก,pds,ดีเซลพรีเมียม,50.05,2026-09-24,05:00,eppo_api,2026-09-29T10:18:54+07:00
2026-09-29,caltex,เชฟรอน (คาลเท็กซ์),ds,ดีเซล B7,41.44,2026-09-24,05:00,eppo_api,2026-09-29T10:18:54+07:00
2026-09-29,caltex,เชฟรอน (คาลเท็กซ์),dsb20,ดีเซล B20,36.44,2026-09-24,05:00,eppo_api,2026-09-29T10:18:54+07:00
2026-09-29,caltex,เชฟรอน (คาลเท็กซ์),e20,แก๊สโซฮอล์ E20,34.94,2026-09-24,05:00,eppo_api,2026-09-29T10:18:54+07:00
2026-09-29,caltex,เชฟรอน (คาลเท็กซ์),gh91,แก๊สโซฮอล์ 91,39.57,2026-09-24,05:00,eppo_api,2026-09-29T10:18:54+07:00
2026-09-29,caltex,เชฟรอน (คาลเท็กซ์),gh95,แก๊สโซฮอล์ 95 (E10),39.94,2026-09-24,05:00,eppo_api,2026-09-29T10:18:54+07:00
2026-09-29,caltex,เชฟรอน (คาลเท็กซ์),gl95,เบนซิน 95,49.26,2026-09-24,05:00,eppo_api,2026-09-29T10:18:54+07:00
2026-09-29,caltex,เชฟรอน (คาลเท็กซ์),pds,ดีเซลพรีเมียม,50.05,2026-09-24,05:00,eppo_api,2026-09-29T10:18:54+07:00
2026-09-29,esso,เอสโซ่,ds,ดีเซล B7,31.94,2025-09-24,05:00,eppo_api,2026-09-29T10:18:54+07:00
2026-09-29,esso,เอสโซ่,e20,แก๊สโซฮอล์ E20,30.44,2025-09-24,05:00,eppo_api,2026-09-29T10:18:54+07:00
2026-09-29,esso,เอสโซ่,gh91,แก๊สโซฮอล์ 91,32.28,2025-09-24,05:00,eppo_api,2026-09-29T10:18:54+07:00
2026-09-29,esso,เอสโซ่,gh95,แก๊สโซฮอล์ 95 (E10),32.65,2025-09-24,05:00,eppo_api,2026-09-29T10:18:54+07:00
2026-09-29,esso,เอสโซ่,gs95p,แก๊สโซฮอล์ 95 พรีเมียม,49.84,2025-09-24,05:00,eppo_api,2026-09-29T10:18:54+07:00
2026-09-29,esso,เอสโซ่,pds,ดีเซลพรีเมียม,46.14,2025-09-24,05:00,eppo_api,2026-09-29T10:18:54+07:00
2026-09-29,irpc,ไออาร์พีซี,ds,ดีเซล B7,41.44,2026-09-24,05:00,eppo_api,2026-09-29T10:18:54+07:00
2026-09-29,irpc,ไออาร์พีซี,gh91,แก๊สโซฮอล์ 91,39.57,2026-09-24,05:00,eppo_api,2026-09-29T10:18:54+07:00
2026-09-29,irpc,ไออาร์พีซี,gh95,แก๊สโซฮอล์ 95 (E10),39.94,2026-09-24,05:00,eppo_api,2026-09-29T10:18:54+07:00
2026-09-29,pt,พีทีจี เอ็นเนอยี (PT),ds,ดีเซล B7,41.44,2026-09-24,05:00,eppo_api,2026-09-29T10:18:54+07:00
2026-09-29,pt,พีทีจี เอ็นเนอยี (PT),dsb20,ดีเซล B20,36.44,2026-09-24,05:00,eppo_api,2026-09-29T10:18:54+07:00
2026-09-29,pt,พีทีจี เอ็นเนอยี (PT),e20,แก๊สโซฮอล์ E20,34.94,2026-09-24,05:00,eppo_api,2026-09-29T10:18:54+07:00
2026-09-29,pt,พีทีจี เอ็นเนอยี (PT),gh91,แก๊สโซฮอล์ 91,39.57,2026-09-24,05:00,eppo_api,2026-09-29T10:18:54+07:00
2026-09-29,pt,พีทีจี เอ็นเนอยี (PT),gh95,แก๊สโซฮอล์ 95 (E10),39.94,2026-09-24,05:00,eppo_api,2026-09-29T10:18:54+07:00
2026-09-29,pt,พีทีจี เอ็นเนอยี (PT),gl95,เบนซิน 95,49.43,2026-09-24,05:00,eppo_api,2026-09-29T10:18:54+07:00
2026-09-29,ptt,ปตท.,ds,ดีเซล B7,41.44,2026-09-24,05:00,eppo_api,2026-09-29T10:18:54+07:00
2026-09-29,ptt,ปตท.,dsb20,ดีเซล B20,36.44,2026-09-24,05:00,eppo_api,2026-09-29T10:18:54+07:00
2026-09-29,ptt,ปตท.,e20,แก๊สโซฮอล์ E20,34.94,2026-09-24,05:00,eppo_api,2026-09-29T10:18:54+07:00
2026-09-29,ptt,ปตท.,e85,แก๊สโซฮอล์ E85,30.88,2026-09-24,05:00,eppo_api,2026-09-29T10:18:54+07:00
2026-09-29,ptt,ปตท.,gh91,แก๊สโซฮอล์ 91,39.57,2026-09-24,05:00,eppo_api,2026-09-29T10:18:54+07:00
2026-09-29,ptt,ปตท.,gh95,แก๊สโซฮอล์ 95 (E10),39.94,2026-09-24,05:00,eppo_api,2026-09-29T10:18:54+07:00
2026-09-29,ptt,ปตท.,gl95,เบนซิน 95,48.93,2026-09-24,05:00,eppo_api,2026-09-29T10:18:54+07:00
2026-09-29,ptt,ปตท.,gs95p,แก๊สโซฮอล์ 95 พรีเมียม,47.79,2026-09-24,05:00,eppo_api,2026-09-29T10:18:54+07:00
2026-09-29,ptt,ปตท.,gs99p,แก๊สโซฮอล์ 99 พรีเมียม,49.79,2026-09-24,05:00,eppo_api,2026-09-29T10:18:54+07:00
2026-09-29,ptt,ปตท.,pds,ดีเซลพรีเมียม,50.05,2026-09-24,05:00,eppo_api,2026-09-29T10:18:54+07:00
2026-09-29,pure,เพียว,ds,ดีเซล B7,41.44,2026-09-24,05:00,eppo_api,2026-09-29T10:18:54+07:00
2026-09-29,pure,เพียว,dsb20,ดีเซล B20,36.44,2026-09-24,05:00,eppo_api,2026-09-29T10:18:54+07:00
2026-09-29,pure,เพียว,e20,แก๊สโซฮอล์ E20,34.94,2026-09-24,05:00,eppo_api,2026-09-29T10:18:54+07:00
2026-09-29,pure,เพียว,gh91,แก๊สโซฮอล์ 91,39.57,2026-09-24,05:00,eppo_api,2026-09-29T10:18:54+07:00
2026-09-29,pure,เพียว,gh95,แก๊สโซฮอล์ 95 (E10),39.94,2026-09-24,05:00,eppo_api,2026-09-29T10:18:54+07:00
2026-09-29,shell,เชลล์,ds,ดีเซล B7,41.44,2026-09-24,05:00,eppo_api,2026-09-29T10:18:54+07:00
2026-09-29,shell,เชลล์,dsb20,ดีเซล B20,36.44,2026-09-24,05:00,eppo_api,2026-09-29T10:18:54+07:00
2026-09-29,shell,เชลล์,e20,แก๊สโซฮอล์ E20,35.14,2026-09-24,05:00,eppo_api,2026-09-29T10:18:54+07:00
2026-09-29,shell,เชลล์,gh91,แก๊สโซฮอล์ 91,40.07,2026-09-24,05:00,eppo_api,2026-09-29T10:18:54+07:00
2026-09-29,shell,เชลล์,gh95,แก๊สโซฮอล์ 95 (E10),40.44,2026-09-24,05:00,eppo_api,2026-09-29T10:18:54+07:00
2026-09-29,shell,เชลล์,gs95p,แก๊สโซฮอล์ 95 พรีเมียม,51.84,2026-09-24,05:00,eppo_api,2026-09-29T10:18:54+07:00
2026-09-29,shell,เชลล์,pds,ดีเซลพรีเมียม,51.84,2026-09-24,05:00,eppo_api,2026-09-29T10:18:54+07:00
2026-09-29,susco1,ซัสโก้,ds,ดีเซล B7,41.44,2026-09-24,05:00,eppo_api,2026-09-29T10:18:54+07:00
2026-09-29,susco1,ซัสโก้,dsb20,ดีเซล B20,36.44,2026-09-24,05:00,eppo_api,2026-09-29T10:18:54+07:00
2026-09-29,susco1,ซัสโก้,e20,แก๊สโซฮอล์ E20,34.94,2026-09-24,05:00,eppo_api,2026-09-29T10:18:54+07:00
2026-09-29,susco1,ซัสโก้,gh91,แก๊สโซฮอล์ 91,39.57,2026-09-24,05:00,eppo_api,2026-09-29T10:18:54+07:00
2026-09-29,susco1,ซัสโก้,gh95,แก๊สโซฮอล์ 95 (E10),39.94,2026-09-24,05:00,eppo_api,2026-09-29T10:18:54+07:00
2026-09-29,susco1,ซัสโก้,gl95,เบนซิน 95,49.08,2026-09-24,05:00,eppo_api,2026-09-29T10:18:54+07:00
2026-09-29,susco2,ซัสโก้ ดีลเลอร์,ds,ดีเซล B7,41.44,2026-09-24,05:00,eppo_api,2026-09-29T10:18:54+07:00
2026-09-29,susco2,ซัสโก้ ดีลเลอร์,dsb20,ดีเซล B20,36.44,2026-09-24,05:00,eppo_api,2026-09-29T10:18:54+07:00
2026-09-29,susco2,ซัสโก้ ดีลเลอร์,e20,แก๊สโซฮอล์ E20,34.94,2026-09-24,05:00,eppo_api,2026-09-29T10:18:54+07:00
2026-09-29,susco2,ซัสโก้ ดีลเลอร์,gh91,แก๊สโซฮอล์ 91,39.57,2026-09-24,05:00,eppo_api,2026-09-29T10:18:54+07:00
2026-09-29,susco2,ซัสโก้ ดีลเลอร์,gh95,แก๊สโซฮอล์ 95 (E10),39.94,2026-09-24,05:00,eppo_api,2026-09-29T10:18:54+07:00
2026-09-29,susco2,ซัสโก้ ดีลเลอร์,gl95,เบนซิน 95,49.08,2026-09-24,05:00,eppo_api,2026-09-29T10:18:54+07:00
2026-09-30,bcp,บางจาก,ds,ดีเซล B7,41.44,2026-09-24,05:00,eppo_api,2026-09-30T10:19:38+07:00
2026-09-30,bcp,บางจาก,dsb20,ดีเซล B20,36.44,2026-09-24,05:00,eppo_api,2026-09-30T10:19:38+07:00
2026-09-30,bcp,บางจาก,e20,แก๊สโซฮอล์ E20,34.94,2026-09-24,05:00,eppo_api,2026-09-30T10:19:38+07:00
2026-09-30,bcp,บางจาก,e85,แก๊สโซฮอล์ E85,30.88,2026-09-24,05:00,eppo_api,2026-09-30T10:19:38+07:00
2026-09-30,bcp,บางจาก,gh91,แก๊สโซฮอล์ 91,39.57,2026-09-24,05:00,eppo_api,2026-09-30T10:19:38+07:00
2026-09-30,bcp,บางจาก,gh95,แก๊สโซฮอล์ 95 (E10),39.94,2026-09-24,05:00,eppo_api,2026-09-30T10:19:38+07:00
2026-09-30,bcp,บางจาก,gs95p,แก๊สโซฮอล์ 95 พรีเมียม,49.29,2026-09-24,05:00,eppo_api,2026-09-30T10:19:38+07:00
2026-09-30,bcp,บางจาก,pds,ดีเซลพรีเมียม,50.05,2026-09-24,05:00,eppo_api,2026-09-30T10:19:38+07:00
2026-09-30,caltex,เชฟรอน (คาลเท็กซ์),ds,ดีเซล B7,41.44,2026-09-24,05:00,eppo_api,2026-09-30T10:19:38+07:00
2026-09-30,caltex,เชฟรอน (คาลเท็กซ์),dsb20,ดีเซล B20,36.44,2026-09-24,05:00,eppo_api,2026-09-30T10:19:38+07:00
2026-09-30,caltex,เชฟรอน (คาลเท็กซ์),e20,แก๊สโซฮอล์ E20,34.94,2026-09-24,05:00,eppo_api,2026-09-30T10:19:38+07:00
2026-09-30,caltex,เชฟรอน (คาลเท็กซ์),gh91,แก๊สโซฮอล์ 91,39.57,2026-09-24,05:00,eppo_api,2026-09-30T10:19:38+07:00
2026-09-30,caltex,เชฟรอน (คาลเท็กซ์),gh95,แก๊สโซฮอล์ 95 (E10),39.94,2026-09-24,05:00,eppo_api,2026-09-30T10:19:38+07:00
2026-09-30,caltex,เชฟรอน (คาลเท็กซ์),gl95,เบนซิน 95,49.26,2026-09-24,05:00,eppo_api,2026-09-30T10:19:38+07:00
2026-09-30,caltex,เชฟรอน (คาลเท็กซ์),pds,ดีเซลพรีเมียม,50.05,2026-09-24,05:00,eppo_api,2026-09-30T10:19:38+07:00
2026-09-30,esso,เอสโซ่,ds,ดีเซล B7,31.94,2025-09-24,05:00,eppo_api,2026-09-30T10:19:38+07:00
2026-09-30,esso,เอสโซ่,e20,แก๊สโซฮอล์ E20,30.44,2025-09-24,05:00,eppo_api,2026-09-30T10:19:38+07:00
2026-09-30,esso,เอสโซ่,gh91,แก๊สโซฮอล์ 91,32.28,2025-09-24,05:00,eppo_api,2026-09-30T10:19:38+07:00
2026-09-30,esso,เอสโซ่,gh95,แก๊สโซฮอล์ 95 (E10),32.65,2025-09-24,05:00,eppo_api,2026-09-30T10:19:38+07:00
2026-09-30,esso,เอสโซ่,gs95p,แก๊สโซฮอล์ 95 พรีเมียม,49.84,2025-09-24,05:00,eppo_api,2026-09-30T10:19:38+07:00
2026-09-30,esso,เอสโซ่,pds,ดีเซลพรีเมียม,46.14,2025-09-24,05:00,eppo_api,2026-09-30T10:19:38+07:00
2026-09-30,irpc,ไออาร์พีซี,ds,ดีเซล B7,41.44,2026-09-24,05:00,eppo_api,2026-09-30T10:19:38+07:00
2026-09-30,irpc,ไออาร์พีซี,gh91,แก๊สโซฮอล์ 91,39.57,2026-09-24,05:00,eppo_api,2026-09-30T10:19:38+07:00
2026-09-30,irpc,ไออาร์พีซี,gh95,แก๊สโซฮอล์ 95 (E10),39.94,2026-09-24,05:00,eppo_api,2026-09-30T10:19:38+07:00
2026-09-30,pt,พีทีจี เอ็นเนอยี (PT),ds,ดีเซล B7,41.44,2026-09-24,05:00,eppo_api,2026-09-30T10:19:38+07:00
2026-09-30,pt,พีทีจี เอ็นเนอยี (PT),dsb20,ดีเซล B20,36.44,2026-09-24,05:00,eppo_api,2026-09-30T10:19:38+07:00
2026-09-30,pt,พีทีจี เอ็นเนอยี (PT),e20,แก๊สโซฮอล์ E20,34.94,2026-09-24,05:00,eppo_api,2026-09-30T10:19:38+07:00
2026-09-30,pt,พีทีจี เอ็นเนอยี (PT),gh91,แก๊สโซฮอล์ 91,39.57,2026-09-24,05:00,eppo_api,2026-09-30T10:19:38+07:00
2026-09-30,pt,พีทีจี เอ็นเนอยี (PT),gh95,แก๊สโซฮอล์ 95 (E10),39.94,2026-09-24,05:00,eppo_api,2026-09-30T10:19:38+07:00
2026-09-30,pt,พีทีจี เอ็นเนอยี (PT),gl95,เบนซิน 95,49.43,2026-09-24,05:00,eppo_api,2026-09-30T10:19:38+07:00
2026-09-30,ptt,ปตท.,ds,ดีเซล B7,41.44,2026-09-24,05:00,eppo_api,2026-09-30T10:19:38+07:00
2026-09-30,ptt,ปตท.,dsb20,ดีเซล B20,36.44,2026-09-24,05:00,eppo_api,2026-09-30T10:19:38+07:00
2026-09-30,ptt,ปตท.,e20,แก๊สโซฮอล์ E20,34.94,2026-09-24,05:00,eppo_api,2026-09-30T10:19:38+07:00
2026-09-30,ptt,ปตท.,e85,แก๊สโซฮอล์ E85,30.88,2026-09-24,05:00,eppo_api,2026-09-30T10:19:38+07:00
2026-09-30,ptt,ปตท.,gh91,แก๊สโซฮอล์ 91,39.57,2026-09-24,05:00,eppo_api,2026-09-30T10:19:38+07:00
2026-09-30,ptt,ปตท.,gh95,แก๊สโซฮอล์ 95 (E10),39.94,2026-09-24,05:00,eppo_api,2026-09-30T10:19:38+07:00
2026-09-30,ptt,ปตท.,gl95,เบนซิน 95,48.93,2026-09-24,05:00,eppo_api,2026-09-30T10:19:38+07:00
2026-09-30,ptt,ปตท.,gs95p,แก๊สโซฮอล์ 95 พรีเมียม,47.79,2026-09-24,05:00,eppo_api,2026-09-30T10:19:38+07:00
2026-09-30,ptt,ปตท.,gs99p,แก๊สโซฮอล์ 99 พรีเมียม,49.79,2026-09-24,05:00,eppo_api,2026-09-30T10:19:38+07:00
2026-09-30,ptt,ปตท.,pds,ดีเซลพรีเมียม,50.05,2026-09-24,05:00,eppo_api,2026-09-30T10:19:38+07:00
2026-09-30,pure,เพียว,ds,ดีเซล B7,41.44,2026-09-24,05:00,eppo_api,2026-09-30T10:19:38+07:00
2026-09-30,pure,เพียว,dsb20,ดีเซล B20,36.44,2026-09-24,05:00,eppo_api,2026-09-30T10:19:38+07:00
2026-09-30,pure,เพียว,e20,แก๊สโซฮอล์ E20,34.94,2026-09-24,05:00,eppo_api,2026-09-30T10:19:38+07:00
2026-09-30,pure,เพียว,gh91,แก๊สโซฮอล์ 91,39.57,2026-09-24,05:00,eppo_api,2026-09-30T10:19:38+07:00
2026-09-30,pure,เพียว,gh95,แก๊สโซฮอล์ 95 (E10),39.94,2026-09-24,05:00,eppo_api,2026-09-30T10:19:38+07:00
2026-09-30,shell,เชลล์,ds,ดีเซล B7,41.44,2026-09-24,05:00,eppo_api,2026-09-30T10:19:38+07:00
2026-09-30,shell,เชลล์,dsb20,ดีเซล B20,36.44,2026-09-24,05:00,eppo_api,2026-09-30T10:19:38+07:00
2026-09-30,shell,เชลล์,e20,แก๊สโซฮอล์ E20,35.14,2026-09-24,05:00,eppo_api,2026-09-30T10:19:38+07:00
2026-09-30,shell,เชลล์,gh91,แก๊สโซฮอล์ 91,40.07,2026-09-24,05:00,eppo_api,2026-09-30T10:19:38+07:00
2026-09-30,shell,เชลล์,gh95,แก๊สโซฮอล์ 95 (E10),40.44,2026-09-24,05:00,eppo_api,2026-09-30T10:19:38+07:00
2026-09-30,shell,เชลล์,gs95p,แก๊สโซฮอล์ 95 พรีเมียม,51.84,2026-09-24,05:00,eppo_api,2026-09-30T10:19:38+07:00
2026-09-30,shell,เชลล์,pds,ดีเซลพรีเมียม,51.84,2026-09-24,05:00,eppo_api,2026-09-30T10:19:38+07:00
2026-09-30,susco1,ซัสโก้,ds,ดีเซล B7,41.44,2026-09-24,05:00,eppo_api,2026-09-30T10:19:38+07:00
2026-09-30,susco1,ซัสโก้,dsb20,ดีเซล B20,36.44,2026-09-24,05:00,eppo_api,2026-09-30T10:19:38+07:00
2026-09-30,susco1,ซัสโก้,e20,แก๊สโซฮอล์ E20,34.94,2026-09-24,05:00,eppo_api,2026-09-30T10:19:38+07:00
2026-09-30,susco1,ซัสโก้,gh91,แก๊สโซฮอล์ 91,39.57,2026-09-24,05:00,eppo_api,2026-09-30T10:19:38+07:00
2026-09-30,susco1,ซัสโก้,gh95,แก๊สโซฮอล์ 95 (E10),39.94,2026-09-24,05:00,eppo_api,2026-09-30T10:19:38+07:00
2026-09-30,susco1,ซัสโก้,gl95,เบนซิน 95,49.08,2026-09-24,05:00,eppo_api,2026-09-30T10:19:38+07:00
2026-09-30,susco2,ซัสโก้ ดีลเลอร์,ds,ดีเซล B7,41.44,2026-09-24,05:00,eppo_api,2026-09-30T10:19:38+07:00
2026-09-30,susco2,ซัสโก้ ดีลเลอร์,dsb20,ดีเซล B20,36.44,2026-09-24,05:00,eppo_api,2026-09-30T10:19:38+07:00
2026-09-30,susco2,ซัสโก้ ดีลเลอร์,e20,แก๊สโซฮอล์ E20,34.94,2026-09-24,05:00,eppo_api,2026-09-30T10:19:38+07:00
2026-09-30,susco2,ซัสโก้ ดีลเลอร์,gh91,แก๊สโซฮอล์ 91,39.57,2026-09-24,05:00,eppo_api,2026-09-30T10:19:38+07:00
2026-09-30,susco2,ซัสโก้ ดีลเลอร์,gh95,แก๊สโซฮอล์ 95 (E10),39.94,2026-09-24,05:00,eppo_api,2026-09-30T10:19:38+07:00
2026-09-30,susco2,ซัสโก้ ดีลเลอร์,gl95,เบนซิน 95,49.08,2026-09-24,05:00,eppo_api,2026-09-30T10:19:38+07:00
2026-10-01,bcp,บางจาก,ds,ดีเซล B7,41.44,2026-09-24,05:00,eppo_api,2026-10-01T10:20:07+07:00
2026-10-01,bcp,บางจาก,dsb20,ดีเซล B20,36.44,2026-09-24,05:00,eppo_api,2026-10-01T10:20:07+07:00
2026-10-01,bcp,บางจาก,e20,แก๊สโซฮอล์ E20,34.94,2026-09-24,05:00,eppo_api,2026-10-01T10:20:07+07:00
2026-10-01,bcp,บางจาก,e85,แก๊สโซฮอล์ E85,30.88,2026-09-24,05:00,eppo_api,2026-10-01T10:20:07+07:00
2026-10-01,bcp,บางจาก,gh91,แก๊สโซฮอล์ 91,39.57,2026-09-24,05:00,eppo_api,2026-10-01T10:20:07+07:00
2026-10-01,bcp,บางจาก,gh95,แก๊สโซฮอล์ 95 (E10),39.94,2026-09-24,05:00,eppo_api,2026-10-01T10:20:07+07:00
2026-10-01,bcp,บางจาก,gs95p,แก๊สโซฮอล์ 95 พรีเมียม,49.29,2026-09-24,05:00,eppo_api,2026-10-01T10:20:07+07:00
2026-10-01,bcp,บางจาก,pds,ดีเซลพรีเมียม,50.05,2026-09-24,05:00,eppo_api,2026-10-01T10:20:07+07:00
2026-10-01,caltex,เชฟรอน (คาลเท็กซ์),ds,ดีเซล B7,41.44,2026-09-24,05:00,eppo_api,2026-10-01T10:20:07+07:00
2026-10-01,caltex,เชฟรอน (คาลเท็กซ์),dsb20,ดีเซล B20,36.44,2026-09-24,05:00,eppo_api,2026-10-01T10:20:07+07:00
2026-10-01,caltex,เชฟรอน (คาลเท็กซ์),e20,แก๊สโซฮอล์ E20,34.94,2026-09-24,05:00,eppo_api,2026-10-01T10:20:07+07:00
2026-10-01,caltex,เชฟรอน (คาลเท็กซ์),gh91,แก๊สโซฮอล์ 91,39.57,2026-09-24,05:00,eppo_api,2026-10-01T10:20:07+07:00
2026-10-01,caltex,เชฟรอน (คาลเท็กซ์),gh95,แก๊สโซฮอล์ 95 (E10),39.94,2026-09-24,05:00,eppo_api,2026-10-01T10:20:07+07:00
2026-10-01,caltex,เชฟรอน (คาลเท็กซ์),gl95,เบนซิน 95,49.26,2026-09-24,05:00,eppo_api,2026-10-01T10:20:07+07:00
2026-10-01,caltex,เชฟรอน (คาลเท็กซ์),pds,ดีเซลพรีเมียม,50.05,2026-09-24,05:00,eppo_api,2026-10-01T10:20:07+07:00
2026-10-01,esso,เอสโซ่,ds,ดีเซล B7,31.94,2025-09-24,05:00,eppo_api,2026-10-01T10:20:07+07:00
2026-10-01,esso,เอสโซ่,e20,แก๊สโซฮอล์ E20,30.44,2025-09-24,05:00,eppo_api,2026-10-01T10:20:07+07:00
2026-10-01,esso,เอสโซ่,gh91,แก๊สโซฮอล์ 91,32.28,2025-09-24,05:00,eppo_api,2026-10-01T10:20:07+07:00
2026-10-01,esso,เอสโซ่,gh95,แก๊สโซฮอล์ 95 (E10),32.65,2025-09-24,05:00,eppo_api,2026-10-01T10:20:07+07:00
2026-10-01,esso,เอสโซ่,gs95p,แก๊สโซฮอล์ 95 พรีเมียม,49.84,2025-09-24,05:00,eppo_api,2026-10-01T10:20:07+07:00
2026-10-01,esso,เอสโซ่,pds,ดีเซลพรีเมียม,46.14,2025-09-24,05:00,eppo_api,2026-10-01T10:20:07+07:00
2026-10-01,irpc,ไออาร์พีซี,ds,ดีเซล B7,41.44,2026-09-24,05:00,eppo_api,2026-10-01T10:20:07+07:00
2026-10-01,irpc,ไออาร์พีซี,gh91,แก๊สโซฮอล์ 91,39.57,2026-09-24,05:00,eppo_api,2026-10-01T10:20:07+07:00
2026-10-01,irpc,ไออาร์พีซี,gh95,แก๊สโซฮอล์ 95 (E10),39.94,2026-09-24,05:00,eppo_api,2026-10-01T10:20:07+07:00
2026-10-01,pt,พีทีจี เอ็นเนอยี (PT),ds,ดีเซล B7,41.44,2026-09-24,05:00,eppo_api,2026-10-01T10:20:07+07:00
2026-10-01,pt,พีทีจี เอ็นเนอยี (PT),dsb20,ดีเซล B20,36.44,2026-09-24,05:00,eppo_api,2026-10-01T10:20:07+07:00
2026-10-01,pt,พีทีจี เอ็นเนอยี (PT),e20,แก๊สโซฮอล์ E20,34.94,2026-09-24,05:00,eppo_api,2026-10-01T10:20:07+07:00
2026-10-01,pt,พีทีจี เอ็นเนอยี (PT),gh91,แก๊สโซฮอล์ 91,39.57,2026-09-24,05:00,eppo_api,2026-10-01T10:20:07+07:00
2026-10-01,pt,พีทีจี เอ็นเนอยี (PT),gh95,แก๊สโซฮอล์ 95 (E10),39.94,2026-09-24,05:00,eppo_api,2026-10-01T10:20:07+07:00
2026-10-01,pt,พีทีจี เอ็นเนอยี (PT),gl95,เบนซิน 95,49.43,2026-09-24,05:00,eppo_api,2026-10-01T10:20:07+07:00
2026-10-01,ptt,ปตท.,ds,ดีเซล B7,41.44,2026-09-24,05:00,eppo_api,2026-10-01T10:20:07+07:00
2026-10-01,ptt,ปตท.,dsb20,ดีเซล B20,36.44,2026-09-24,05:00,eppo_api,2026-10-01T10:20:07+07:00
2026-10-01,ptt,ปตท.,e20,แก๊สโซฮอล์ E20,34.94,2026-09-24,05:00,eppo_api,2026-10-01T10:20:07+07:00
2026-10-01,ptt,ปตท.,e85,แก๊สโซฮอล์ E85,30.88,2026-09-24,05:00,eppo_api,2026-10-01T10:20:07+07:00
2026-10-01,ptt,ปตท.,gh91,แก๊สโซฮอล์ 91,39.57,2026-09-24,05:00,eppo_api,2026-10-01T10:20:07+07:00
2026-10-01,ptt,ปตท.,gh95,แก๊สโซฮอล์ 95 (E10),39.94,2026-09-24,05:00,eppo_api,2026-10-01T10:20:07+07:00
2026-10-01,ptt,ปตท.,gl95,เบนซิน 95,48.93,2026-09-24,05:00,eppo_api,2026-10-01T10:20:07+07:00
2026-10-01,ptt,ปตท.,gs95p,แก๊สโซฮอล์ 95 พรีเมียม,47.79,2026-09-24,05:00,eppo_api,2026-10-01T10:20:07+07:00
2026-10-01,ptt,ปตท.,gs99p,แก๊สโซฮอล์ 99 พรีเมียม,49.79,2026-09-24,05:00,eppo_api,2026-10-01T10:20:07+07:00
2026-10-01,ptt,ปตท.,pds,ดีเซลพรีเมียม,50.05,2026-09-24,05:00,eppo_api,2026-10-01T10:20:07+07:00
2026-10-01,pure,เพียว,ds,ดีเซล B7,41.44,2026-09-24,05:00,eppo_api,2026-10-01T10:20:07+07:00
2026-10-01,pure,เพียว,dsb20,ดีเซล B20,36.44,2026-09-24,05:00,eppo_api,2026-10-01T10:20:07+07:00
2026-10-01,pure,เพียว,e20,แก๊สโซฮอล์ E20,34.94,2026-09-24,05:00,eppo_api,2026-10-01T10:20:07+07:00
2026-10-01,pure,เพียว,gh91,แก๊สโซฮอล์ 91,39.57,2026-09-24,05:00,eppo_api,2026-10-01T10:20:07+07:00
2026-10-01,pure,เพียว,gh95,แก๊สโซฮอล์ 95 (E10),39.94,2026-09-24,05:00,eppo_api,2026-10-01T10:20:07+07:00
2026-10-01,shell,เชลล์,ds,ดีเซล B7,41.44,2026-09-24,05:00,eppo_api,2026-10-01T10:20:07+07:00
2026-10-01,shell,เชลล์,dsb20,ดีเซล B20,36.44,2026-09-24,05:00,eppo_api,2026-10-01T10:20:07+07:00
2026-10-01,shell,เชลล์,e20,แก๊สโซฮอล์ E20,35.14,2026-09-24,05:00,eppo_api,2026-10-01T10:20:07+07:00
2026-10-01,shell,เชลล์,gh91,แก๊สโซฮอล์ 91,40.07,2026-09-24,05:00,eppo_api,2026-10-01T10:20:07+07:00
2026-10-01,shell,เชลล์,gh95,แก๊สโซฮอล์ 95 (E10),40.44,2026-09-24,05:00,eppo_api,2026-10-01T10:20:07+07:00
2026-10-01,shell,เชลล์,gs95p,แก๊สโซฮอล์ 95 พรีเมียม,51.84,2026-09-24,05:00,eppo_api,2026-10-01T10:20:07+07:00
2026-10-01,shell,เชลล์,pds,ดีเซลพรีเมียม,51.84,2026-09-24,05:00,eppo_api,2026-10-01T10:20:07+07:00
2026-10-01,susco1,ซัสโก้,ds,ดีเซล B7,41.44,2026-09-24,05:00,eppo_api,2026-10-01T10:20:07+07:00
2026-10-01,susco1,ซัสโก้,dsb20,ดีเซล B20,36.44,2026-09-24,05:00,eppo_api,2026-10-01T10:20:07+07:00
2026-10-01,susco1,ซัสโก้,e20,แก๊สโซฮอล์ E20,34.94,2026-09-24,05:00,eppo_api,2026-10-01T10:20:07+07:00
2026-10-01,susco1,ซัสโก้,gh91,แก๊สโซฮอล์ 91,39.57,2026-09-24,05:00,eppo_api,2026-10-01T10:20:07+07:00
2026-10-01,susco1,ซัสโก้,gh95,แก๊สโซฮอล์ 95 (E10),39.94,2026-09-24,05:00,eppo_api,2026-10-01T10:20:07+07:00
2026-10-01,susco1,ซัสโก้,gl95,เบนซิน 95,49.08,2026-09-24,05:00,eppo_api,2026-10-01T10:20:07+07:00
2026-10-01,susco2,ซัสโก้ ดีลเลอร์,ds,ดีเซล B7,41.44,2026-09-24,05:00,eppo_api,2026-10-01T10:20:07+07:00
2026-10-01,susco2,ซัสโก้ ดีลเลอร์,dsb20,ดีเซล B20,36.44,2026-09-24,05:00,eppo_api,2026-10-01T10:20:07+07:00
2026-10-01,susco2,ซัสโก้ ดีลเลอร์,e20,แก๊สโซฮอล์ E20,34.94,2026-09-24,05:00,eppo_api,2026-10-01T10:20:07+07:00
2026-10-01,susco2,ซัสโก้ ดีลเลอร์,gh91,แก๊สโซฮอล์ 91,39.57,2026-09-24,05:00,eppo_api,2026-10-01T10:20:07+07:00
2026-10-01,susco2,ซัสโก้ ดีลเลอร์,gh95,แก๊สโซฮอล์ 95 (E10),39.94,2026-09-24,05:00,eppo_api,2026-10-01T10:20:07+07:00
2026-10-01,susco2,ซัสโก้ ดีลเลอร์,gl95,เบนซิน 95,49.08,2026-09-24,05:00,eppo_api,2026-10-01T10:20:07+07:00
2026-10-02,bcp,บางจาก,ds,ดีเซล B7,42.19,2026-10-02,05:00,eppo_api,2026-10-02T10:19:07+07:00
2026-10-02,bcp,บางจาก,dsb20,ดีเซล B20,37.19,2026-10-02,05:00,eppo_api,2026-10-02T10:19:07+07:00
2026-10-02,bcp,บางจาก,e20,แก๊สโซฮอล์ E20,35.69,2026-10-02,05:00,eppo_api,2026-10-02T10:19:07+07:00
2026-10-02,bcp,บางจาก,e85,แก๊สโซฮอล์ E85,31.63,2026-10-02,05:00,eppo_api,2026-10-02T10:19:07+07:00
2026-10-02,bcp,บางจาก,gh91,แก๊สโซฮอล์ 91,40.32,2026-10-02,05:00,eppo_api,2026-10-02T10:19:07+07:00
2026-10-02,bcp,บางจาก,gh95,แก๊สโซฮอล์ 95 (E10),40.69,2026-10-02,05:00,eppo_api,2026-10-02T10:19:07+07:00
2026-10-02,bcp,บางจาก,gs95p,แก๊สโซฮอล์ 95 พรีเมียม,49.29,2026-10-02,05:00,eppo_api,2026-10-02T10:19:07+07:00
2026-10-02,bcp,บางจาก,pds,ดีเซลพรีเมียม,50.05,2026-10-02,05:00,eppo_api,2026-10-02T10:19:07+07:00
2026-10-02,caltex,เชฟรอน (คาลเท็กซ์),ds,ดีเซล B7,42.19,2026-10-02,05:00,eppo_api,2026-10-02T10:19:07+07:00
2026-10-02,caltex,เชฟรอน (คาลเท็กซ์),dsb20,ดีเซล B20,37.19,2026-10-02,05:00,eppo_api,2026-10-02T10:19:07+07:00
2026-10-02,caltex,เชฟรอน (คาลเท็กซ์),e20,แก๊สโซฮอล์ E20,35.69,2026-10-02,05:00,eppo_api,2026-10-02T10:19:07+07:00
2026-10-02,caltex,เชฟรอน (คาลเท็กซ์),gh91,แก๊สโซฮอล์ 91,40.32,2026-10-02,05:00,eppo_api,2026-10-02T10:19:07+07:00
2026-10-02,caltex,เชฟรอน (คาลเท็กซ์),gh95,แก๊สโซฮอล์ 95 (E10),40.69,2026-10-02,05:00,eppo_api,2026-10-02T10:19:07+07:00
2026-10-02,caltex,เชฟรอน (คาลเท็กซ์),gl95,เบนซิน 95,49.26,2026-10-02,05:00,eppo_api,2026-10-02T10:19:07+07:00
2026-10-02,caltex,เชฟรอน (คาลเท็กซ์),pds,ดีเซลพรีเมียม,50.05,2026-10-02,05:00,eppo_api,2026-10-02T10:19:07+07:00
2026-10-02,esso,เอสโซ่,ds,ดีเซล B7,31.94,2025-09-24,05:00,eppo_api,2026-10-02T10:19:07+07:00
2026-10-02,esso,เอสโซ่,e20,แก๊สโซฮอล์ E20,30.44,2025-09-24,05:00,eppo_api,2026-10-02T10:19:07+07:00
2026-10-02,esso,เอสโซ่,gh91,แก๊สโซฮอล์ 91,32.28,2025-09-24,05:00,eppo_api,2026-10-02T10:19:07+07:00
2026-10-02,esso,เอสโซ่,gh95,แก๊สโซฮอล์ 95 (E10),32.65,2025-09-24,05:00,eppo_api,2026-10-02T10:19:07+07:00
2026-10-02,esso,เอสโซ่,gs95p,แก๊สโซฮอล์ 95 พรีเมียม,49.84,2025-09-24,05:00,eppo_api,2026-10-02T10:19:07+07:00
2026-10-02,esso,เอสโซ่,pds,ดีเซลพรีเมียม,46.14,2025-09-24,05:00,eppo_api,2026-10-02T10:19:07+07:00
2026-10-02,irpc,ไออาร์พีซี,ds,ดีเซล B7,42.19,2026-10-02,05:00,eppo_api,2026-10-02T10:19:07+07:00
2026-10-02,irpc,ไออาร์พีซี,gh91,แก๊สโซฮอล์ 91,40.32,2026-10-02,05:00,eppo_api,2026-10-02T10:19:07+07:00
2026-10-02,irpc,ไออาร์พีซี,gh95,แก๊สโซฮอล์ 95 (E10),40.69,2026-10-02,05:00,eppo_api,2026-10-02T10:19:07+07:00
2026-10-02,pt,พีทีจี เอ็นเนอยี (PT),ds,ดีเซล B7,42.19,2026-10-02,05:00,eppo_api,2026-10-02T10:19:07+07:00
2026-10-02,pt,พีทีจี เอ็นเนอยี (PT),dsb20,ดีเซล B20,37.19,2026-10-02,05:00,eppo_api,2026-10-02T10:19:07+07:00
2026-10-02,pt,พีทีจี เอ็นเนอยี (PT),e20,แก๊สโซฮอล์ E20,35.69,2026-10-02,05:00,eppo_api,2026-10-02T10:19:07+07:00
2026-10-02,pt,พีทีจี เอ็นเนอยี (PT),gh91,แก๊สโซฮอล์ 91,40.32,2026-10-02,05:00,eppo_api,2026-10-02T10:19:07+07:00
2026-10-02,pt,พีทีจี เอ็นเนอยี (PT),gh95,แก๊สโซฮอล์ 95 (E10),40.69,2026-10-02,05:00,eppo_api,2026-10-02T10:19:07+07:00
2026-10-02,pt,พีทีจี เอ็นเนอยี (PT),gl95,เบนซิน 95,50.18,2026-10-02,05:00,eppo_api,2026-10-02T10:19:07+07:00
2026-10-02,ptt,ปตท.,ds,ดีเซล B7,42.19,2026-10-02,05:00,eppo_api,2026-10-02T10:19:07+07:00
2026-10-02,ptt,ปตท.,dsb20,ดีเซล B20,37.19,2026-10-02,05:00,eppo_api,2026-10-02T10:19:07+07:00
2026-10-02,ptt,ปตท.,e20,แก๊สโซฮอล์ E20,35.69,2026-10-02,05:00,eppo_api,2026-10-02T10:19:07+07:00
2026-10-02,ptt,ปตท.,e85,แก๊สโซฮอล์ E85,31.63,2026-10-02,05:00,eppo_api,2026-10-02T10:19:07+07:00
2026-10-02,ptt,ปตท.,gh91,แก๊สโซฮอล์ 91,40.32,2026-10-02,05:00,eppo_api,2026-10-02T10:19:07+07:00
2026-10-02,ptt,ปตท.,gh95,แก๊สโซฮอล์ 95 (E10),40.69,2026-10-02,05:00,eppo_api,2026-10-02T10:19:07+07:00
2026-10-02,ptt,ปตท.,gl95,เบนซิน 95,49.68,2026-10-02,05:00,eppo_api,2026-10-02T10:19:07+07:00
2026-10-02,ptt,ปตท.,gs95p,แก๊สโซฮอล์ 95 พรีเมียม,47.79,2026-10-02,05:00,eppo_api,2026-10-02T10:19:07+07:00
2026-10-02,ptt,ปตท.,gs99p,แก๊สโซฮอล์ 99 พรีเมียม,49.79,2026-10-02,05:00,eppo_api,2026-10-02T10:19:07+07:00
2026-10-02,ptt,ปตท.,pds,ดีเซลพรีเมียม,50.05,2026-10-02,05:00,eppo_api,2026-10-02T10:19:07+07:00
2026-10-02,pure,เพียว,ds,ดีเซล B7,42.19,2026-10-02,05:00,eppo_api,2026-10-02T10:19:07+07:00
2026-10-02,pure,เพียว,dsb20,ดีเซล B20,37.19,2026-10-02,05:00,eppo_api,2026-10-02T10:19:07+07:00
2026-10-02,pure,เพียว,e20,แก๊สโซฮอล์ E20,35.69,2026-10-02,05:00,eppo_api,2026-10-02T10:19:07+07:00
2026-10-02,pure,เพียว,gh91,แก๊สโซฮอล์ 91,40.32,2026-10-02,05:00,eppo_api,2026-10-02T10:19:07+07:00
2026-10-02,pure,เพียว,gh95,แก๊สโซฮอล์ 95 (E10),40.69,2026-10-02,05:00,eppo_api,2026-10-02T10:19:07+07:00
2026-10-02,shell,เชลล์,ds,ดีเซล B7,42.19,2026-10-02,05:00,eppo_api,2026-10-02T10:19:07+07:00
2026-10-02,shell,เชลล์,dsb20,ดีเซล B20,37.19,2026-10-02,05:00,eppo_api,2026-10-02T10:19:07+07:00
2026-10-02,shell,เชลล์,e20,แก๊สโซฮอล์ E20,35.89,2026-10-02,05:00,eppo_api,2026-10-02T10:19:07+07:00
2026-10-02,shell,เชลล์,gh91,แก๊สโซฮอล์ 91,40.82,2026-10-02,05:00,eppo_api,2026-10-02T10:19:07+07:00
2026-10-02,shell,เชลล์,gh95,แก๊สโซฮอล์ 95 (E10),41.19,2026-10-02,05:00,eppo_api,2026-10-02T10:19:07+07:00
2026-10-02,shell,เชลล์,gs95p,แก๊สโซฮอล์ 95 พรีเมียม,51.84,2026-10-02,05:00,eppo_api,2026-10-02T10:19:07+07:00
2026-10-02,shell,เชลล์,pds,ดีเซลพรีเมียม,51.84,2026-10-02,05:00,eppo_api,2026-10-02T10:19:07+07:00
2026-10-02,susco1,ซัสโก้,ds,ดีเซล B7,42.19,2026-10-02,05:00,eppo_api,2026-10-02T10:19:07+07:00
2026-10-02,susco1,ซัสโก้,dsb20,ดีเซล B20,37.19,2026-10-02,05:00,eppo_api,2026-10-02T10:19:07+07:00
2026-10-02,susco1,ซัสโก้,e20,แก๊สโซฮอล์ E20,35.69,2026-10-02,05:00,eppo_api,2026-10-02T10:19:07+07:00
2026-10-02,susco1,ซัสโก้,gh91,แก๊สโซฮอล์ 91,40.32,2026-10-02,05:00,eppo_api,2026-10-02T10:19:07+07:00
2026-10-02,susco1,ซัสโก้,gh95,แก๊สโซฮอล์ 95 (E10),40.69,2026-10-02,05:00,eppo_api,2026-10-02T10:19:07+07:00
2026-10-02,susco1,ซัสโก้,gl95,เบนซิน 95,49.83,2026-10-02,05:00,eppo_api,2026-10-02T10:19:07+07:00
2026-10-02,susco2,ซัสโก้ ดีลเลอร์,ds,ดีเซล B7,42.19,2026-10-02,05:00,eppo_api,2026-10-02T10:19:07+07:00
2026-10-02,susco2,ซัสโก้ ดีลเลอร์,dsb20,ดีเซล B20,37.19,2026-10-02,05:00,eppo_api,2026-10-02T10:19:07+07:00
2026-10-02,susco2,ซัสโก้ ดีลเลอร์,e20,แก๊สโซฮอล์ E20,35.69,2026-10-02,05:00,eppo_api,2026-10-02T10:19:07+07:00
2026-10-02,susco2,ซัสโก้ ดีลเลอร์,gh91,แก๊สโซฮอล์ 91,40.32,2026-10-02,05:00,eppo_api,2026-10-02T10:19:07+07:00
2026-10-02,susco2,ซัสโก้ ดีลเลอร์,gh95,แก๊สโซฮอล์ 95 (E10),40.69,2026-10-02,05:00,eppo_api,2026-10-02T10:19:07+07:00
2026-10-02,susco2,ซัสโก้ ดีลเลอร์,gl95,เบนซิน 95,49.83,2026-10-02,05:00,eppo_api,2026-10-02T10:19:07+07:00
2026-10-03,bcp,บางจาก,ds,ดีเซล B7,42.19,2026-10-02,05:00,eppo_api,2026-10-03T10:24:16+07:00
2026-10-03,bcp,บางจาก,dsb20,ดีเซล B20,37.19,2026-10-02,05:00,eppo_api,2026-10-03T10:24:16+07:00
2026-10-03,bcp,บางจาก,e20,แก๊สโซฮอล์ E20,35.69,2026-10-02,05:00,eppo_api,2026-10-03T10:24:16+07:00
2026-10-03,bcp,บางจาก,e85,แก๊สโซฮอล์ E85,31.63,2026-10-02,05:00,eppo_api,2026-10-03T10:24:16+07:00
2026-10-03,bcp,บางจาก,gh91,แก๊สโซฮอล์ 91,40.32,2026-10-02,05:00,eppo_api,2026-10-03T10:24:16+07:00
2026-10-03,bcp,บางจาก,gh95,แก๊สโซฮอล์ 95 (E10),40.69,2026-10-02,05:00,eppo_api,2026-10-03T10:24:16+07:00
2026-10-03,bcp,บางจาก,gs95p,แก๊สโซฮอล์ 95 พรีเมียม,49.29,2026-10-02,05:00,eppo_api,2026-10-03T10:24:16+07:00
2026-10-03,bcp,บางจาก,pds,ดีเซลพรีเมียม,50.05,2026-10-02,05:00,eppo_api,2026-10-03T10:24:16+07:00
2026-10-03,caltex,เชฟรอน (คาลเท็กซ์),ds,ดีเซล B7,42.19,2026-10-02,05:00,eppo_api,2026-10-03T10:24:16+07:00
2026-10-03,caltex,เชฟรอน (คาลเท็กซ์),dsb20,ดีเซล B20,37.19,2026-10-02,05:00,eppo_api,2026-10-03T10:24:16+07:00
2026-10-03,caltex,เชฟรอน (คาลเท็กซ์),e20,แก๊สโซฮอล์ E20,35.69,2026-10-02,05:00,eppo_api,2026-10-03T10:24:16+07:00
2026-10-03,caltex,เชฟรอน (คาลเท็กซ์),gh91,แก๊สโซฮอล์ 91,40.32,2026-10-02,05:00,eppo_api,2026-10-03T10:24:16+07:00
2026-10-03,caltex,เชฟรอน (คาลเท็กซ์),gh95,แก๊สโซฮอล์ 95 (E10),40.69,2026-10-02,05:00,eppo_api,2026-10-03T10:24:16+07:00
2026-10-03,caltex,เชฟรอน (คาลเท็กซ์),gl95,เบนซิน 95,49.26,2026-10-02,05:00,eppo_api,2026-10-03T10:24:16+07:00
2026-10-03,caltex,เชฟรอน (คาลเท็กซ์),pds,ดีเซลพรีเมียม,50.05,2026-10-02,05:00,eppo_api,2026-10-03T10:24:16+07:00
2026-10-03,esso,เอสโซ่,ds,ดีเซล B7,31.94,2025-09-24,05:00,eppo_api,2026-10-03T10:24:16+07:00
2026-10-03,esso,เอสโซ่,e20,แก๊สโซฮอล์ E20,30.44,2025-09-24,05:00,eppo_api,2026-10-03T10:24:16+07:00
2026-10-03,esso,เอสโซ่,gh91,แก๊สโซฮอล์ 91,32.28,2025-09-24,05:00,eppo_api,2026-10-03T10:24:16+07:00
2026-10-03,esso,เอสโซ่,gh95,แก๊สโซฮอล์ 95 (E10),32.65,2025-09-24,05:00,eppo_api,2026-10-03T10:24:16+07:00
2026-10-03,esso,เอสโซ่,gs95p,แก๊สโซฮอล์ 95 พรีเมียม,49.84,2025-09-24,05:00,eppo_api,2026-10-03T10:24:16+07:00
2026-10-03,esso,เอสโซ่,pds,ดีเซลพรีเมียม,46.14,2025-09-24,05:00,eppo_api,2026-10-03T10:24:16+07:00
2026-10-03,irpc,ไออาร์พีซี,ds,ดีเซล B7,42.19,2026-10-02,05:00,eppo_api,2026-10-03T10:24:16+07:00
2026-10-03,irpc,ไออาร์พีซี,gh91,แก๊สโซฮอล์ 91,40.32,2026-10-02,05:00,eppo_api,2026-10-03T10:24:16+07:00
2026-10-03,irpc,ไออาร์พีซี,gh95,แก๊สโซฮอล์ 95 (E10),40.69,2026-10-02,05:00,eppo_api,2026-10-03T10:24:16+07:00
2026-10-03,pt,พีทีจี เอ็นเนอยี (PT),ds,ดีเซล B7,42.19,2026-10-02,05:00,eppo_api,2026-10-03T10:24:16+07:00
2026-10-03,pt,พีทีจี เอ็นเนอยี (PT),dsb20,ดีเซล B20,37.19,2026-10-02,05:00,eppo_api,2026-10-03T10:24:16+07:00
2026-10-03,pt,พีทีจี เอ็นเนอยี (PT),e20,แก๊สโซฮอล์ E20,35.69,2026-10-02,05:00,eppo_api,2026-10-03T10:24:16+07:00
2026-10-03,pt,พีทีจี เอ็นเนอยี (PT),gh91,แก๊สโซฮอล์ 91,40.32,2026-10-02,05:00,eppo_api,2026-10-03T10:24:16+07:00
2026-10-03,pt,พีทีจี เอ็นเนอยี (PT),gh95,แก๊สโซฮอล์ 95 (E10),40.69,2026-10-02,05:00,eppo_api,2026-10-03T10:24:16+07:00
2026-10-03,pt,พีทีจี เอ็นเนอยี (PT),gl95,เบนซิน 95,50.18,2026-10-02,05:00,eppo_api,2026-10-03T10:24:16+07:00
2026-10-03,ptt,ปตท.,ds,ดีเซล B7,42.19,2026-10-02,05:00,eppo_api,2026-10-03T10:24:16+07:00
2026-10-03,ptt,ปตท.,dsb20,ดีเซล B20,37.19,2026-10-02,05:00,eppo_api,2026-10-03T10:24:16+07:00
2026-10-03,ptt,ปตท.,e20,แก๊สโซฮอล์ E20,35.69,2026-10-02,05:00,eppo_api,2026-10-03T10:24:16+07:00
2026-10-03,ptt,ปตท.,e85,แก๊สโซฮอล์ E85,31.63,2026-10-02,05:00,eppo_api,2026-10-03T10:24:16+07:00
2026-10-03,ptt,ปตท.,gh91,แก๊สโซฮอล์ 91,40.32,2026-10-02,05:00,eppo_api,2026-10-03T10:24:16+07:00
2026-10-03,ptt,ปตท.,gh95,แก๊สโซฮอล์ 95 (E10),40.69,2026-10-02,05:00,eppo_api,2026-10-03T10:24:16+07:00
2026-10-03,ptt,ปตท.,gl95,เบนซิน 95,49.68,2026-10-02,05:00,eppo_api,2026-10-03T10:24:16+07:00
2026-10-03,ptt,ปตท.,gs95p,แก๊สโซฮอล์ 95 พรีเมียม,47.79,2026-10-02,05:00,eppo_api,2026-10-03T10:24:16+07:00
2026-10-03,ptt,ปตท.,gs99p,แก๊สโซฮอล์ 99 พรีเมียม,49.79,2026-10-02,05:00,eppo_api,2026-10-03T10:24:16+07:00
2026-10-03,ptt,ปตท.,pds,ดีเซลพรีเมียม,50.05,2026-10-02,05:00,eppo_api,2026-10-03T10:24:16+07:00
2026-10-03,pure,เพียว,ds,ดีเซล B7,42.19,2026-10-02,05:00,eppo_api,2026-10-03T10:24:16+07:00
2026-10-03,pure,เพียว,dsb20,ดีเซล B20,37.19,2026-10-02,05:00,eppo_api,2026-10-03T10:24:16+07:00
2026-10-03,pure,เพียว,e20,แก๊สโซฮอล์ E20,35.69,2026-10-02,05:00,eppo_api,2026-10-03T10:24:16+07:00
2026-10-03,pure,เพียว,gh91,แก๊สโซฮอล์ 91,40.32,2026-10-02,05:00,eppo_api,2026-10-03T10:24:16+07:00
2026-10-03,pure,เพียว,gh95,แก๊สโซฮอล์ 95 (E10),40.69,2026-10-02,05:00,eppo_api,2026-10-03T10:24:16+07:00
2026-10-03,shell,เชลล์,ds,ดีเซล B7,42.19,2026-10-02,05:00,eppo_api,2026-10-03T10:24:16+07:00
2026-10-03,shell,เชลล์,dsb20,ดีเซล B20,37.19,2026-10-02,05:00,eppo_api,2026-10-03T10:24:16+07:00
2026-10-03,shell,เชลล์,e20,แก๊สโซฮอล์ E20,35.89,2026-10-02,05:00,eppo_api,2026-10-03T10:24:16+07:00
2026-10-03,shell,เชลล์,gh91,แก๊สโซฮอล์ 91,40.82,2026-10-02,05:00,eppo_api,2026-10-03T10:24:16+07:00
2026-10-03,shell,เชลล์,gh95,แก๊สโซฮอล์ 95 (E10),41.19,2026-10-02,05:00,eppo_api,2026-10-03T10:24:16+07:00
2026-10-03,shell,เชลล์,gs95p,แก๊สโซฮอล์ 95 พรีเมียม,51.84,2026-10-02,05:00,eppo_api,2026-10-03T10:24:16+07:00
2026-10-03,shell,เชลล์,pds,ดีเซลพรีเมียม,51.84,2026-10-02,05:00,eppo_api,2026-10-03T10:24:16+07:00
2026-10-03,susco1,ซัสโก้,ds,ดีเซล B7,42.19,2026-10-02,05:00,eppo_api,2026-10-03T10:24:16+07:00
2026-10-03,susco1,ซัสโก้,dsb20,ดีเซล B20,37.19,2026-10-02,05:00,eppo_api,2026-10-03T10:24:16+07:00
2026-10-03,susco1,ซัสโก้,e20,แก๊สโซฮอล์ E20,35.69,2026-10-02,05:00,eppo_api,2026-10-03T10:24:16+07:00
2026-10-03,susco1,ซัสโก้,gh91,แก๊สโซฮอล์ 91,40.32,2026-10-02,05:00,eppo_api,2026-10-03T10:24:16+07:00
2026-10-03,susco1,ซัสโก้,gh95,แก๊สโซฮอล์ 95 (E10),40.69,2026-10-02,05:00,eppo_api,2026-10-03T10:24:16+07:00
2026-10-03,susco1,ซัสโก้,gl95,เบนซิน 95,49.83,2026-10-02,05:00,eppo_api,2026-10-03T10:24:16+07:00
2026-10-03,susco2,ซัสโก้ ดีลเลอร์,ds,ดีเซล B7,42.19,2026-10-02,05:00,eppo_api,2026-10-03T10:24:16+07:00
2026-10-03,susco2,ซัสโก้ ดีลเลอร์,dsb20,ดีเซล B20,37.19,2026-10-02,05:00,eppo_api,2026-10-03T10:24:16+07:00
2026-10-03,susco2,ซัสโก้ ดีลเลอร์,e20,แก๊สโซฮอล์ E20,35.69,2026-10-02,05:00,eppo_api,2026-10-03T10:24:16+07:00
2026-10-03,susco2,ซัสโก้ ดีลเลอร์,gh91,แก๊สโซฮอล์ 91,40.32,2026-10-02,05:00,eppo_api,2026-10-03T10:24:16+07:00
2026-10-03,susco2,ซัสโก้ ดีลเลอร์,gh95,แก๊สโซฮอล์ 95 (E10),40.69,2026-10-02,05:00,eppo_api,2026-10-03T10:24:16+07:00
2026-10-03,susco2,ซัสโก้ ดีลเลอร์,gl95,เบนซิน 95,49.83,2026-10-02,05:00,eppo_api,2026-10-03T10:24:16+07:00
2026-10-04,bcp,บางจาก,ds,ดีเซล B7,42.19,2026-10-02,05:00,eppo_api,2026-10-04T12:12:31+07:00
2026-10-04,bcp,บางจาก,dsb20,ดีเซล B20,37.19,2026-10-02,05:00,eppo_api,2026-10-04T12:12:31+07:00
2026-10-04,bcp,บางจาก,e20,แก๊สโซฮอล์ E20,35.69,2026-10-02,05:00,eppo_api,2026-10-04T12:12:31+07:00
2026-10-04,bcp,บางจาก,e85,แก๊สโซฮอล์ E85,31.63,2026-10-02,05:00,eppo_api,2026-10-04T12:12:31+07:00
2026-10-04,bcp,บางจาก,gh91,แก๊สโซฮอล์ 91,40.32,2026-10-02,05:00,eppo_api,2026-10-04T12:12:31+07:00
2026-10-04,bcp,บางจาก,gh95,แก๊สโซฮอล์ 95 (E10),40.69,2026-10-02,05:00,eppo_api,2026-10-04T12:12:31+07:00
2026-10-04,bcp,บางจาก,gs95p,แก๊สโซฮอล์ 95 พรีเมียม,49.29,2026-10-02,05:00,eppo_api,2026-10-04T12:12:31+07:00
2026-10-04,bcp,บางจาก,pds,ดีเซลพรีเมียม,50.05,2026-10-02,05:00,eppo_api,2026-10-04T12:12:31+07:00
2026-10-04,caltex,เชฟรอน (คาลเท็กซ์),ds,ดีเซล B7,42.19,2026-10-02,05:00,eppo_api,2026-10-04T12:12:31+07:00
2026-10-04,caltex,เชฟรอน (คาลเท็กซ์),dsb20,ดีเซล B20,37.19,2026-10-02,05:00,eppo_api,2026-10-04T12:12:31+07:00
2026-10-04,caltex,เชฟรอน (คาลเท็กซ์),e20,แก๊สโซฮอล์ E20,35.69,2026-10-02,05:00,eppo_api,2026-10-04T12:12:31+07:00
2026-10-04,caltex,เชฟรอน (คาลเท็กซ์),gh91,แก๊สโซฮอล์ 91,40.32,2026-10-02,05:00,eppo_api,2026-10-04T12:12:31+07:00
2026-10-04,caltex,เชฟรอน (คาลเท็กซ์),gh95,แก๊สโซฮอล์ 95 (E10),40.69,2026-10-02,05:00,eppo_api,2026-10-04T12:12:31+07:00
2026-10-04,caltex,เชฟรอน (คาลเท็กซ์),gl95,เบนซิน 95,49.26,2026-10-02,05:00,eppo_api,2026-10-04T12:12:31+07:00
2026-10-04,caltex,เชฟรอน (คาลเท็กซ์),pds,ดีเซลพรีเมียม,50.05,2026-10-02,05:00,eppo_api,2026-10-04T12:12:31+07:00
2026-10-04,esso,เอสโซ่,ds,ดีเซล B7,31.94,2025-09-24,05:00,eppo_api,2026-10-04T12:12:31+07:00
2026-10-04,esso,เอสโซ่,e20,แก๊สโซฮอล์ E20,30.44,2025-09-24,05:00,eppo_api,2026-10-04T12:12:31+07:00
2026-10-04,esso,เอสโซ่,gh91,แก๊สโซฮอล์ 91,32.28,2025-09-24,05:00,eppo_api,2026-10-04T12:12:31+07:00
2026-10-04,esso,เอสโซ่,gh95,แก๊สโซฮอล์ 95 (E10),32.65,2025-09-24,05:00,eppo_api,2026-10-04T12:12:31+07:00
2026-10-04,esso,เอสโซ่,gs95p,แก๊สโซฮอล์ 95 พรีเมียม,49.84,2025-09-24,05:00,eppo_api,2026-10-04T12:12:31+07:00
2026-10-04,esso,เอสโซ่,pds,ดีเซลพรีเมียม,46.14,2025-09-24,05:00,eppo_api,2026-10-04T12:12:31+07:00
2026-10-04,irpc,ไออาร์พีซี,ds,ดีเซล B7,42.19,2026-10-02,05:00,eppo_api,2026-10-04T12:12:31+07:00
2026-10-04,irpc,ไออาร์พีซี,gh91,แก๊สโซฮอล์ 91,40.32,2026-10-02,05:00,eppo_api,2026-10-04T12:12:31+07:00
2026-10-04,irpc,ไออาร์พีซี,gh95,แก๊สโซฮอล์ 95 (E10),40.69,2026-10-02,05:00,eppo_api,2026-10-04T12:12:31+07:00
2026-10-04,pt,พีทีจี เอ็นเนอยี (PT),ds,ดีเซล B7,42.19,2026-10-02,05:00,eppo_api,2026-10-04T12:12:31+07:00
2026-10-04,pt,พีทีจี เอ็นเนอยี (PT),dsb20,ดีเซล B20,37.19,2026-10-02,05:00,eppo_api,2026-10-04T12:12:31+07:00
2026-10-04,pt,พีทีจี เอ็นเนอยี (PT),e20,แก๊สโซฮอล์ E20,35.69,2026-10-02,05:00,eppo_api,2026-10-04T12:12:31+07:00
2026-10-04,pt,พีทีจี เอ็นเนอยี (PT),gh91,แก๊สโซฮอล์ 91,40.32,2026-10-02,05:00,eppo_api,2026-10-04T12:12:31+07:00
2026-10-04,pt,พีทีจี เอ็นเนอยี (PT),gh95,แก๊สโซฮอล์ 95 (E10),40.69,2026-10-02,05:00,eppo_api,2026-10-04T12:12:31+07:00
2026-10-04,pt,พีทีจี เอ็นเนอยี (PT),gl95,เบนซิน 95,50.18,2026-10-02,05:00,eppo_api,2026-10-04T12:12:31+07:00
2026-10-04,ptt,ปตท.,ds,ดีเซล B7,42.19,2026-10-02,05:00,eppo_api,2026-10-04T12:12:31+07:00
2026-10-04,ptt,ปตท.,dsb20,ดีเซล B20,37.19,2026-10-02,05:00,eppo_api,2026-10-04T12:12:31+07:00
2026-10-04,ptt,ปตท.,e20,แก๊สโซฮอล์ E20,35.69,2026-10-02,05:00,eppo_api,2026-10-04T12:12:31+07:00
2026-10-04,ptt,ปตท.,e85,แก๊สโซฮอล์ E85,31.63,2026-10-02,05:00,eppo_api,2026-10-04T12:12:31+07:00
2026-10-04,ptt,ปตท.,gh91,แก๊สโซฮอล์ 91,40.32,2026-10-02,05:00,eppo_api,2026-10-04T12:12:31+07:00
2026-10-04,ptt,ปตท.,gh95,แก๊สโซฮอล์ 95 (E10),40.69,2026-10-02,05:00,eppo_api,2026-10-04T12:12:31+07:00
2026-10-04,ptt,ปตท.,gl95,เบนซิน 95,49.68,2026-10-02,05:00,eppo_api,2026-10-04T12:12:31+07:00
2026-10-04,ptt,ปตท.,gs95p,แก๊สโซฮอล์ 95 พรีเมียม,47.79,2026-10-02,05:00,eppo_api,2026-10-04T12:12:31+07:00
2026-10-04,ptt,ปตท.,gs99p,แก๊สโซฮอล์ 99 พรีเมียม,49.79,2026-10-02,05:00,eppo_api,2026-10-04T12:12:31+07:00
2026-10-04,ptt,ปตท.,pds,ดีเซลพรีเมียม,50.05,2026-10-02,05:00,eppo_api,2026-10-04T12:12:31+07:00
2026-10-04,pure,เพียว,ds,ดีเซล B7,42.19,2026-10-02,05:00,eppo_api,2026-10-04T12:12:31+07:00
2026-10-04,pure,เพียว,dsb20,ดีเซล B20,37.19,2026-10-02,05:00,eppo_api,2026-10-04T12:12:31+07:00
2026-10-04,pure,เพียว,e20,แก๊สโซฮอล์ E20,35.69,2026-10-02,05:00,eppo_api,2026-10-04T12:12:31+07:00
2026-10-04,pure,เพียว,gh91,แก๊สโซฮอล์ 91,40.32,2026-10-02,05:00,eppo_api,2026-10-04T12:12:31+07:00
2026-10-04,pure,เพียว,gh95,แก๊สโซฮอล์ 95 (E10),40.69,2026-10-02,05:00,eppo_api,2026-10-04T12:12:31+07:00
2026-10-04,shell,เชลล์,ds,ดีเซล B7,42.19,2026-10-02,05:00,eppo_api,2026-10-04T12:12:31+07:00
2026-10-04,shell,เชลล์,dsb20,ดีเซล B20,37.19,2026-10-02,05:00,eppo_api,2026-10-04T12:12:31+07:00
2026-10-04,shell,เชลล์,e20,แก๊สโซฮอล์ E20,35.89,2026-10-02,05:00,eppo_api,2026-10-04T12:12:31+07:00
2026-10-04,shell,เชลล์,gh91,แก๊สโซฮอล์ 91,40.82,2026-10-02,05:00,eppo_api,2026-10-04T12:12:31+07:00
2026-10-04,shell,เชลล์,gh95,แก๊สโซฮอล์ 95 (E10),41.19,2026-10-02,05:00,eppo_api,2026-10-04T12:12:31+07:00
2026-10-04,shell,เชลล์,gs95p,แก๊สโซฮอล์ 95 พรีเมียม,51.84,2026-10-02,05:00,eppo_api,2026-10-04T12:12:31+07:00
2026-10-04,shell,เชลล์,pds,ดีเซลพรีเมียม,51.84,2026-10-02,05:00,eppo_api,2026-10-04T12:12:31+07:00
2026-10-04,susco1,ซัสโก้,ds,ดีเซล B7,42.19,2026-10-02,05:00,eppo_api,2026-10-04T12:12:31+07:00
2026-10-04,susco1,ซัสโก้,dsb20,ดีเซล B20,37.19,2026-10-02,05:00,eppo_api,2026-10-04T12:12:31+07:00
2026-10-04,susco1,ซัสโก้,e20,แก๊สโซฮอล์ E20,35.69,2026-10-02,05:00,eppo_api,2026-10-04T12:12:31+07:00
2026-10-04,susco1,ซัสโก้,gh91,แก๊สโซฮอล์ 91,40.32,2026-10-02,05:00,eppo_api,2026-10-04T12:12:31+07:00
2026-10-04,susco1,ซัสโก้,gh95,แก๊สโซฮอล์ 95 (E10),40.69,2026-10-02,05:00,eppo_api,2026-10-04T12:12:31+07:00
2026-10-04,susco1,ซัสโก้,gl95,เบนซิน 95,49.83,2026-10-02,05:00,eppo_api,2026-10-04T12:12:31+07:00
2026-10-04,susco2,ซัสโก้ ดีลเลอร์,ds,ดีเซล B7,42.19,2026-10-02,05:00,eppo_api,2026-10-04T12:12:31+07:00
2026-10-04,susco2,ซัสโก้ ดีลเลอร์,dsb20,ดีเซล B20,37.19,2026-10-02,05:00,eppo_api,2026-10-04T12:12:31+07:00
2026-10-04,susco2,ซัสโก้ ดีลเลอร์,e20,แก๊สโซฮอล์ E20,35.69,2026-10-02,05:00,eppo_api,2026-10-04T12:12:31+07:00
2026-10-04,susco2,ซัสโก้ ดีลเลอร์,gh91,แก๊สโซฮอล์ 91,40.32,2026-10-02,05:00,eppo_api,2026-10-04T12:12:31+07:00
2026-10-04,susco2,ซัสโก้ ดีลเลอร์,gh95,แก๊สโซฮอล์ 95 (E10),40.69,2026-10-02,05:00,eppo_api,2026-10-04T12:12:31+07:00
2026-10-04,susco2,ซัสโก้ ดีลเลอร์,gl95,เบนซิน 95,49.83,2026-10-02,05:00,eppo_api,2026-10-04T12:12:31+07:00
2026-10-05,bcp,บางจาก,ds,ดีเซล B7,42.19,2026-10-02,05:00,eppo_api,2026-10-05T10:21:09+07:00
2026-10-05,bcp,บางจาก,dsb20,ดีเซล B20,37.19,2026-10-02,05:00,eppo_api,2026-10-05T10:21:09+07:00
2026-10-05,bcp,บางจาก,e20,แก๊สโซฮอล์ E20,35.69,2026-10-02,05:00,eppo_api,2026-10-05T10:21:09+07:00
2026-10-05,bcp,บางจาก,e85,แก๊สโซฮอล์ E85,31.63,2026-10-02,05:00,eppo_api,2026-10-05T10:21:09+07:00
2026-10-05,bcp,บางจาก,gh91,แก๊สโซฮอล์ 91,40.32,2026-10-02,05:00,eppo_api,2026-10-05T10:21:09+07:00
2026-10-05,bcp,บางจาก,gh95,แก๊สโซฮอล์ 95 (E10),40.69,2026-10-02,05:00,eppo_api,2026-10-05T10:21:09+07:00
2026-10-05,bcp,บางจาก,gs95p,แก๊สโซฮอล์ 95 พรีเมียม,49.29,2026-10-02,05:00,eppo_api,2026-10-05T10:21:09+07:00
2026-10-05,bcp,บางจาก,pds,ดีเซลพรีเมียม,50.05,2026-10-02,05:00,eppo_api,2026-10-05T10:21:09+07:00
2026-10-05,caltex,เชฟรอน (คาลเท็กซ์),ds,ดีเซล B7,42.19,2026-10-02,05:00,eppo_api,2026-10-05T10:21:09+07:00
2026-10-05,caltex,เชฟรอน (คาลเท็กซ์),dsb20,ดีเซล B20,37.19,2026-10-02,05:00,eppo_api,2026-10-05T10:21:09+07:00
2026-10-05,caltex,เชฟรอน (คาลเท็กซ์),e20,แก๊สโซฮอล์ E20,35.69,2026-10-02,05:00,eppo_api,2026-10-05T10:21:09+07:00
2026-10-05,caltex,เชฟรอน (คาลเท็กซ์),gh91,แก๊สโซฮอล์ 91,40.32,2026-10-02,05:00,eppo_api,2026-10-05T10:21:09+07:00
2026-10-05,caltex,เชฟรอน (คาลเท็กซ์),gh95,แก๊สโซฮอล์ 95 (E10),40.69,2026-10-02,05:00,eppo_api,2026-10-05T10:21:09+07:00
2026-10-05,caltex,เชฟรอน (คาลเท็กซ์),gl95,เบนซิน 95,49.26,2026-10-02,05:00,eppo_api,2026-10-05T10:21:09+07:00
2026-10-05,caltex,เชฟรอน (คาลเท็กซ์),pds,ดีเซลพรีเมียม,50.05,2026-10-02,05:00,eppo_api,2026-10-05T10:21:09+07:00
2026-10-05,esso,เอสโซ่,ds,ดีเซล B7,31.94,2025-09-24,05:00,eppo_api,2026-10-05T10:21:09+07:00
2026-10-05,esso,เอสโซ่,e20,แก๊สโซฮอล์ E20,30.44,2025-09-24,05:00,eppo_api,2026-10-05T10:21:09+07:00
2026-10-05,esso,เอสโซ่,gh91,แก๊สโซฮอล์ 91,32.28,2025-09-24,05:00,eppo_api,2026-10-05T10:21:09+07:00
2026-10-05,esso,เอสโซ่,gh95,แก๊สโซฮอล์ 95 (E10),32.65,2025-09-24,05:00,eppo_api,2026-10-05T10:21:09+07:00
2026-10-05,esso,เอสโซ่,gs95p,แก๊สโซฮอล์ 95 พรีเมียม,49.84,2025-09-24,05:00,eppo_api,2026-10-05T10:21:09+07:00
2026-10-05,esso,เอสโซ่,pds,ดีเซลพรีเมียม,46.14,2025-09-24,05:00,eppo_api,2026-10-05T10:21:09+07:00
2026-10-05,irpc,ไออาร์พีซี,ds,ดีเซล B7,42.19,2026-10-02,05:00,eppo_api,2026-10-05T10:21:09+07:00
2026-10-05,irpc,ไออาร์พีซี,gh91,แก๊สโซฮอล์ 91,40.32,2026-10-02,05:00,eppo_api,2026-10-05T10:21:09+07:00
2026-10-05,irpc,ไออาร์พีซี,gh95,แก๊สโซฮอล์ 95 (E10),40.69,2026-10-02,05:00,eppo_api,2026-10-05T10:21:09+07:00
2026-10-05,pt,พีทีจี เอ็นเนอยี (PT),ds,ดีเซล B7,42.19,2026-10-02,05:00,eppo_api,2026-10-05T10:21:09+07:00
2026-10-05,pt,พีทีจี เอ็นเนอยี (PT),dsb20,ดีเซล B20,37.19,2026-10-02,05:00,eppo_api,2026-10-05T10:21:09+07:00
2026-10-05,pt,พีทีจี เอ็นเนอยี (PT),e20,แก๊สโซฮอล์ E20,35.69,2026-10-02,05:00,eppo_api,2026-10-05T10:21:09+07:00
2026-10-05,pt,พีทีจี เอ็นเนอยี (PT),gh91,แก๊สโซฮอล์ 91,40.32,2026-10-02,05:00,eppo_api,2026-10-05T10:21:09+07:00
2026-10-05,pt,พีทีจี เอ็นเนอยี (PT),gh95,แก๊สโซฮอล์ 95 (E10),40.69,2026-10-02,05:00,eppo_api,2026-10-05T10:21:09+07:00
2026-10-05,pt,พีทีจี เอ็นเนอยี (PT),gl95,เบนซิน 95,50.18,2026-10-02,05:00,eppo_api,2026-10-05T10:21:09+07:00
2026-10-05,ptt,ปตท.,ds,ดีเซล B7,42.19,2026-10-02,05:00,eppo_api,2026-10-05T10:21:09+07:00
2026-10-05,ptt,ปตท.,dsb20,ดีเซล B20,37.19,2026-10-02,05:00,eppo_api,2026-10-05T10:21:09+07:00
2026-10-05,ptt,ปตท.,e20,แก๊สโซฮอล์ E20,35.69,2026-10-02,05:00,eppo_api,2026-10-05T10:21:09+07:00
2026-10-05,ptt,ปตท.,e85,แก๊สโซฮอล์ E85,31.63,2026-10-02,05:00,eppo_api,2026-10-05T10:21:09+07:00
2026-10-05,ptt,ปตท.,gh91,แก๊สโซฮอล์ 91,40.32,2026-10-02,05:00,eppo_api,2026-10-05T10:21:09+07:00
2026-10-05,ptt,ปตท.,gh95,แก๊สโซฮอล์ 95 (E10),40.69,2026-10-02,05:00,eppo_api,2026-10-05T10:21:09+07:00
2026-10-05,ptt,ปตท.,gl95,เบนซิน 95,49.68,2026-10-02,05:00,eppo_api,2026-10-05T10:21:09+07:00
2026-10-05,ptt,ปตท.,gs95p,แก๊สโซฮอล์ 95 พรีเมียม,47.79,2026-10-02,05:00,eppo_api,2026-10-05T10:21:09+07:00
2026-10-05,ptt,ปตท.,gs99p,แก๊สโซฮอล์ 99 พรีเมียม,49.79,2026-10-02,05:00,eppo_api,2026-10-05T10:21:09+07:00
2026-10-05,ptt,ปตท.,pds,ดีเซลพรีเมียม,50.05,2026-10-02,05:00,eppo_api,2026-10-05T10:21:09+07:00
2026-10-05,pure,เพียว,ds,ดีเซล B7,42.19,2026-10-02,05:00,eppo_api,2026-10-05T10:21:09+07:00
2026-10-05,pure,เพียว,dsb20,ดีเซล B20,37.19,2026-10-02,05:00,eppo_api,2026-10-05T10:21:09+07:00
2026-10-05,pure,เพียว,e20,แก๊สโซฮอล์ E20,35.69,2026-10-02,05:00,eppo_api,2026-10-05T10:21:09+07:00
2026-10-05,pure,เพียว,gh91,แก๊สโซฮอล์ 91,40.32,2026-10-02,05:00,eppo_api,2026-10-05T10:21:09+07:00
2026-10-05,pure,เพียว,gh95,แก๊สโซฮอล์ 95 (E10),40.69,2026-10-02,05:00,eppo_api,2026-10-05T10:21:09+07:00
2026-10-05,shell,เชลล์,ds,ดีเซล B7,42.19,2026-10-02,05:00,eppo_api,2026-10-05T10:21:09+07:00
2026-10-05,shell,เชลล์,dsb20,ดีเซล B20,37.19,2026-10-02,05:00,eppo_api,2026-10-05T10:21:09+07:00
2026-10-05,shell,เชลล์,e20,แก๊สโซฮอล์ E20,35.89,2026-10-02,05:00,eppo_api,2026-10-05T10:21:09+07:00
2026-10-05,shell,เชลล์,gh91,แก๊สโซฮอล์ 91,40.82,2026-10-02,05:00,eppo_api,2026-10-05T10:21:09+07:00
2026-10-05,shell,เชลล์,gh95,แก๊สโซฮอล์ 95 (E10),41.19,2026-10-02,05:00,eppo_api,2026-10-05T10:21:09+07:00
2026-10-05,shell,เชลล์,gs95p,แก๊สโซฮอล์ 95 พรีเมียม,51.84,2026-10-02,05:00,eppo_api,2026-10-05T10:21:09+07:00
2026-10-05,shell,เชลล์,pds,ดีเซลพรีเมียม,51.84,2026-10-02,05:00,eppo_api,2026-10-05T10:21:09+07:00
2026-10-05,susco1,ซัสโก้,ds,ดีเซล B7,42.19,2026-10-02,05:00,eppo_api,2026-10-05T10:21:09+07:00
2026-10-05,susco1,ซัสโก้,dsb20,ดีเซล B20,37.19,2026-10-02,05:00,eppo_api,2026-10-05T10:21:09+07:00
2026-10-05,susco1,ซัสโก้,e20,แก๊สโซฮอล์ E20,35.69,2026-10-02,05:00,eppo_api,2026-10-05T10:21:09+07:00
2026-10-05,susco1,ซัสโก้,gh91,แก๊สโซฮอล์ 91,40.32,2026-10-02,05:00,eppo_api,2026-10-05T10:21:09+07:00
2026-10-05,susco1,ซัสโก้,gh95,แก๊สโซฮอล์ 95 (E10),40.69,2026-10-02,05:00,eppo_api,2026-10-05T10:21:09+07:00
2026-10-05,susco1,ซัสโก้,gl95,เบนซิน 95,49.83,2026-10-02,05:00,eppo_api,2026-10-05T10:21:09+07:00
2026-10-05,susco2,ซัสโก้ ดีลเลอร์,ds,ดีเซล B7,42.19,2026-10-02,05:00,eppo_api,2026-10-05T10:21:09+07:00
2026-10-05,susco2,ซัสโก้ ดีลเลอร์,dsb20,ดีเซล B20,37.19,2026-10-02,05:00,eppo_api,2026-10-05T10:21:09+07:00
2026-10-05,susco2,ซัสโก้ ดีลเลอร์,e20,แก๊สโซฮอล์ E20,35.69,2026-10-02,05:00,eppo_api,2026-10-05T10:21:09+07:00
2026-10-05,susco2,ซัสโก้ ดีลเลอร์,gh91,แก๊สโซฮอล์ 91,40.32,2026-10-02,05:00,eppo_api,2026-10-05T10:21:09+07:00
2026-10-05,susco2,ซัสโก้ ดีลเลอร์,gh95,แก๊สโซฮอล์ 95 (E10),40.69,2026-10-02,05:00,eppo_api,2026-10-05T10:21:09+07:00
2026-10-05,susco2,ซัสโก้ ดีลเลอร์,gl95,เบนซิน 95,49.83,2026-10-02,05:00,eppo_api,2026-10-05T10:21:09+07:00
2026-10-06,bcp,บางจาก,ds,ดีเซล B7,42.19,2026-10-02,05:00,eppo_api,2026-10-06T10:18:55+07:00
2026-10-06,bcp,บางจาก,dsb20,ดีเซล B20,37.19,2026-10-02,05:00,eppo_api,2026-10-06T10:18:55+07:00
2026-10-06,bcp,บางจาก,e20,แก๊สโซฮอล์ E20,35.69,2026-10-02,05:00,eppo_api,2026-10-06T10:18:55+07:00
2026-10-06,bcp,บางจาก,e85,แก๊สโซฮอล์ E85,31.63,2026-10-02,05:00,eppo_api,2026-10-06T10:18:55+07:00
2026-10-06,bcp,บางจาก,gh91,แก๊สโซฮอล์ 91,40.32,2026-10-02,05:00,eppo_api,2026-10-06T10:18:55+07:00
2026-10-06,bcp,บางจาก,gh95,แก๊สโซฮอล์ 95 (E10),40.69,2026-10-02,05:00,eppo_api,2026-10-06T10:18:55+07:00
2026-10-06,bcp,บางจาก,gs95p,แก๊สโซฮอล์ 95 พรีเมียม,49.29,2026-10-02,05:00,eppo_api,2026-10-06T10:18:55+07:00
2026-10-06,bcp,บางจาก,pds,ดีเซลพรีเมียม,50.05,2026-10-02,05:00,eppo_api,2026-10-06T10:18:55+07:00
2026-10-06,caltex,เชฟรอน (คาลเท็กซ์),ds,ดีเซล B7,42.19,2026-10-02,05:00,eppo_api,2026-10-06T10:18:55+07:00
2026-10-06,caltex,เชฟรอน (คาลเท็กซ์),dsb20,ดีเซล B20,37.19,2026-10-02,05:00,eppo_api,2026-10-06T10:18:55+07:00
2026-10-06,caltex,เชฟรอน (คาลเท็กซ์),e20,แก๊สโซฮอล์ E20,35.69,2026-10-02,05:00,eppo_api,2026-10-06T10:18:55+07:00
2026-10-06,caltex,เชฟรอน (คาลเท็กซ์),gh91,แก๊สโซฮอล์ 91,40.32,2026-10-02,05:00,eppo_api,2026-10-06T10:18:55+07:00
2026-10-06,caltex,เชฟรอน (คาลเท็กซ์),gh95,แก๊สโซฮอล์ 95 (E10),40.69,2026-10-02,05:00,eppo_api,2026-10-06T10:18:55+07:00
2026-10-06,caltex,เชฟรอน (คาลเท็กซ์),gl95,เบนซิน 95,49.26,2026-10-02,05:00,eppo_api,2026-10-06T10:18:55+07:00
2026-10-06,caltex,เชฟรอน (คาลเท็กซ์),pds,ดีเซลพรีเมียม,50.05,2026-10-02,05:00,eppo_api,2026-10-06T10:18:55+07:00
2026-10-06,esso,เอสโซ่,ds,ดีเซล B7,31.94,2025-09-24,05:00,eppo_api,2026-10-06T10:18:55+07:00
2026-10-06,esso,เอสโซ่,e20,แก๊สโซฮอล์ E20,30.44,2025-09-24,05:00,eppo_api,2026-10-06T10:18:55+07:00
2026-10-06,esso,เอสโซ่,gh91,แก๊สโซฮอล์ 91,32.28,2025-09-24,05:00,eppo_api,2026-10-06T10:18:55+07:00
2026-10-06,esso,เอสโซ่,gh95,แก๊สโซฮอล์ 95 (E10),32.65,2025-09-24,05:00,eppo_api,2026-10-06T10:18:55+07:00
2026-10-06,esso,เอสโซ่,gs95p,แก๊สโซฮอล์ 95 พรีเมียม,49.84,2025-09-24,05:00,eppo_api,2026-10-06T10:18:55+07:00
2026-10-06,esso,เอสโซ่,pds,ดีเซลพรีเมียม,46.14,2025-09-24,05:00,eppo_api,2026-10-06T10:18:55+07:00
2026-10-06,irpc,ไออาร์พีซี,ds,ดีเซล B7,42.19,2026-10-02,05:00,eppo_api,2026-10-06T10:18:55+07:00
2026-10-06,irpc,ไออาร์พีซี,gh91,แก๊สโซฮอล์ 91,40.32,2026-10-02,05:00,eppo_api,2026-10-06T10:18:55+07:00
2026-10-06,irpc,ไออาร์พีซี,gh95,แก๊สโซฮอล์ 95 (E10),40.69,2026-10-02,05:00,eppo_api,2026-10-06T10:18:55+07:00
2026-10-06,pt,พีทีจี เอ็นเนอยี (PT),ds,ดีเซล B7,42.19,2026-10-02,05:00,eppo_api,2026-10-06T10:18:55+07:00
2026-10-06,pt,พีทีจี เอ็นเนอยี (PT),dsb20,ดีเซล B20,37.19,2026-10-02,05:00,eppo_api,2026-10-06T10:18:55+07:00
2026-10-06,pt,พีทีจี เอ็นเนอยี (PT),e20,แก๊สโซฮอล์ E20,35.69,2026-10-02,05:00,eppo_api,2026-10-06T10:18:55+07:00
2026-10-06,pt,พีทีจี เอ็นเนอยี (PT),gh91,แก๊สโซฮอล์ 91,40.32,2026-10-02,05:00,eppo_api,2026-10-06T10:18:55+07:00
2026-10-06,pt,พีทีจี เอ็นเนอยี (PT),gh95,แก๊สโซฮอล์ 95 (E10),40.69,2026-10-02,05:00,eppo_api,2026-10-06T10:18:55+07:00
2026-10-06,pt,พีทีจี เอ็นเนอยี (PT),gl95,เบนซิน 95,50.18,2026-10-02,05:00,eppo_api,2026-10-06T10:18:55+07:00
2026-10-06,ptt,ปตท.,ds,ดีเซล B7,42.19,2026-10-02,05:00,eppo_api,2026-10-06T10:18:55+07:00
2026-10-06,ptt,ปตท.,dsb20,ดีเซล B20,37.19,2026-10-02,05:00,eppo_api,2026-10-06T10:18:55+07:00
2026-10-06,ptt,ปตท.,e20,แก๊สโซฮอล์ E20,35.69,2026-10-02,05:00,eppo_api,2026-10-06T10:18:55+07:00
2026-10-06,ptt,ปตท.,e85,แก๊สโซฮอล์ E85,31.63,2026-10-02,05:00,eppo_api,2026-10-06T10:18:55+07:00
2026-10-06,ptt,ปตท.,gh91,แก๊สโซฮอล์ 91,40.32,2026-10-02,05:00,eppo_api,2026-10-06T10:18:55+07:00
2026-10-06,ptt,ปตท.,gh95,แก๊สโซฮอล์ 95 (E10),40.69,2026-10-02,05:00,eppo_api,2026-10-06T10:18:55+07:00
2026-10-06,ptt,ปตท.,gl95,เบนซิน 95,49.68,2026-10-02,05:00,eppo_api,2026-10-06T10:18:55+07:00
2026-10-06,ptt,ปตท.,gs95p,แก๊สโซฮอล์ 95 พรีเมียม,47.79,2026-10-02,05:00,eppo_api,2026-10-06T10:18:55+07:00
2026-10-06,ptt,ปตท.,gs99p,แก๊สโซฮอล์ 99 พรีเมียม,49.79,2026-10-02,05:00,eppo_api,2026-10-06T10:18:55+07:00
2026-10-06,ptt,ปตท.,pds,ดีเซลพรีเมียม,50.05,2026-10-02,05:00,eppo_api,2026-10-06T10:18:55+07:00
2026-10-06,pure,เพียว,ds,ดีเซล B7,42.19,2026-10-02,05:00,eppo_api,2026-10-06T10:18:55+07:00
2026-10-06,pure,เพียว,dsb20,ดีเซล B20,37.19,2026-10-02,05:00,eppo_api,2026-10-06T10:18:55+07:00
2026-10-06,pure,เพียว,e20,แก๊สโซฮอล์ E20,35.69,2026-10-02,05:00,eppo_api,2026-10-06T10:18:55+07:00
2026-10-06,pure,เพียว,gh91,แก๊สโซฮอล์ 91,40.32,2026-10-02,05:00,eppo_api,2026-10-06T10:18:55+07:00
2026-10-06,pure,เพียว,gh95,แก๊สโซฮอล์ 95 (E10),40.69,2026-10-02,05:00,eppo_api,2026-10-06T10:18:55+07:00
2026-10-06,shell,เชลล์,ds,ดีเซล B7,42.19,2026-10-02,05:00,eppo_api,2026-10-06T10:18:55+07:00
2026-10-06,shell,เชลล์,dsb20,ดีเซล B20,37.19,2026-10-02,05:00,eppo_api,2026-10-06T10:18:55+07:00
2026-10-06,shell,เชลล์,e20,แก๊สโซฮอล์ E20,35.89,2026-10-02,05:00,eppo_api,2026-10-06T10:18:55+07:00
2026-10-06,shell,เชลล์,gh91,แก๊สโซฮอล์ 91,40.82,2026-10-02,05:00,eppo_api,2026-10-06T10:18:55+07:00
2026-10-06,shell,เชลล์,gh95,แก๊สโซฮอล์ 95 (E10),41.19,2026-10-02,05:00,eppo_api,2026-10-06T10:18:55+07:00
2026-10-06,shell,เชลล์,gs95p,แก๊สโซฮอล์ 95 พรีเมียม,51.84,2026-10-02,05:00,eppo_api,2026-10-06T10:18:55+07:00
2026-10-06,shell,เชลล์,pds,ดีเซลพรีเมียม,51.84,2026-10-02,05:00,eppo_api,2026-10-06T10:18:55+07:00
2026-10-06,susco1,ซัสโก้,ds,ดีเซล B7,42.19,2026-10-02,05:00,eppo_api,2026-10-06T10:18:55+07:00
2026-10-06,susco1,ซัสโก้,dsb20,ดีเซล B20,37.19,2026-10-02,05:00,eppo_api,2026-10-06T10:18:55+07:00
2026-10-06,susco1,ซัสโก้,e20,แก๊สโซฮอล์ E20,35.69,2026-10-02,05:00,eppo_api,2026-10-06T10:18:55+07:00
2026-10-06,susco1,ซัสโก้,gh91,แก๊สโซฮอล์ 91,40.32,2026-10-02,05:00,eppo_api,2026-10-06T10:18:55+07:00
2026-10-06,susco1,ซัสโก้,gh95,แก๊สโซฮอล์ 95 (E10),40.69,2026-10-02,05:00,eppo_api,2026-10-06T10:18:55+07:00
2026-10-06,susco1,ซัสโก้,gl95,เบนซิน 95,49.83,2026-10-02,05:00,eppo_api,2026-10-06T10:18:55+07:00
2026-10-06,susco2,ซัสโก้ ดีลเลอร์,ds,ดีเซล B7,42.19,2026-10-02,05:00,eppo_api,2026-10-06T10:18:55+07:00
2026-10-06,susco2,ซัสโก้ ดีลเลอร์,dsb20,ดีเซล B20,37.19,2026-10-02,05:00,eppo_api,2026-10-06T10:18:55+07:00
2026-10-06,susco2,ซัสโก้ ดีลเลอร์,e20,แก๊สโซฮอล์ E20,35.69,2026-10-02,05:00,eppo_api,2026-10-06T10:18:55+07:00
2026-10-06,susco2,ซัสโก้ ดีลเลอร์,gh91,แก๊สโซฮอล์ 91,40.32,2026-10-02,05:00,eppo_api,2026-10-06T10:18:55+07:00
2026-10-06,susco2,ซัสโก้ ดีลเลอร์,gh95,แก๊สโซฮอล์ 95 (E10),40.69,2026-10-02,05:00,eppo_api,2026-10-06T10:18:55+07:00
2026-10-06,susco2,ซัสโก้ ดีลเลอร์,gl95,เบนซิน 95,49.83,2026-10-02,05:00,eppo_api,2026-10-06T10:18:55+07:00
2026-10-07,bcp,บางจาก,ds,ดีเซล B7,42.19,2026-10-02,05:00,eppo_api,2026-10-07T10:19:38+07:00
2026-10-07,bcp,บางจาก,dsb20,ดีเซล B20,37.19,2026-10-02,05:00,eppo_api,2026-10-07T10:19:38+07:00
2026-10-07,bcp,บางจาก,e20,แก๊สโซฮอล์ E20,35.69,2026-10-02,05:00,eppo_api,2026-10-07T10:19:38+07:00
2026-10-07,bcp,บางจาก,e85,แก๊สโซฮอล์ E85,31.63,2026-10-02,05:00,eppo_api,2026-10-07T10:19:38+07:00
2026-10-07,bcp,บางจาก,gh91,แก๊สโซฮอล์ 91,40.32,2026-10-02,05:00,eppo_api,2026-10-07T10:19:38+07:00
2026-10-07,bcp,บางจาก,gh95,แก๊สโซฮอล์ 95 (E10),40.69,2026-10-02,05:00,eppo_api,2026-10-07T10:19:38+07:00
2026-10-07,bcp,บางจาก,gs95p,แก๊สโซฮอล์ 95 พรีเมียม,49.29,2026-10-02,05:00,eppo_api,2026-10-07T10:19:38+07:00
2026-10-07,bcp,บางจาก,pds,ดีเซลพรีเมียม,50.05,2026-10-02,05:00,eppo_api,2026-10-07T10:19:38+07:00
2026-10-07,caltex,เชฟรอน (คาลเท็กซ์),ds,ดีเซล B7,42.19,2026-10-02,05:00,eppo_api,2026-10-07T10:19:38+07:00
2026-10-07,caltex,เชฟรอน (คาลเท็กซ์),dsb20,ดีเซล B20,37.19,2026-10-02,05:00,eppo_api,2026-10-07T10:19:38+07:00
2026-10-07,caltex,เชฟรอน (คาลเท็กซ์),e20,แก๊สโซฮอล์ E20,35.69,2026-10-02,05:00,eppo_api,2026-10-07T10:19:38+07:00
2026-10-07,caltex,เชฟรอน (คาลเท็กซ์),gh91,แก๊สโซฮอล์ 91,40.32,2026-10-02,05:00,eppo_api,2026-10-07T10:19:38+07:00
2026-10-07,caltex,เชฟรอน (คาลเท็กซ์),gh95,แก๊สโซฮอล์ 95 (E10),40.69,2026-10-02,05:00,eppo_api,2026-10-07T10:19:38+07:00
2026-10-07,caltex,เชฟรอน (คาลเท็กซ์),gl95,เบนซิน 95,49.26,2026-10-02,05:00,eppo_api,2026-10-07T10:19:38+07:00
2026-10-07,caltex,เชฟรอน (คาลเท็กซ์),pds,ดีเซลพรีเมียม,50.05,2026-10-02,05:00,eppo_api,2026-10-07T10:19:38+07:00
2026-10-07,esso,เอสโซ่,ds,ดีเซล B7,31.94,2025-09-24,05:00,eppo_api,2026-10-07T10:19:38+07:00
2026-10-07,esso,เอสโซ่,e20,แก๊สโซฮอล์ E20,30.44,2025-09-24,05:00,eppo_api,2026-10-07T10:19:38+07:00
2026-10-07,esso,เอสโซ่,gh91,แก๊สโซฮอล์ 91,32.28,2025-09-24,05:00,eppo_api,2026-10-07T10:19:38+07:00
2026-10-07,esso,เอสโซ่,gh95,แก๊สโซฮอล์ 95 (E10),32.65,2025-09-24,05:00,eppo_api,2026-10-07T10:19:38+07:00
2026-10-07,esso,เอสโซ่,gs95p,แก๊สโซฮอล์ 95 พรีเมียม,49.84,2025-09-24,05:00,eppo_api,2026-10-07T10:19:38+07:00
2026-10-07,esso,เอสโซ่,pds,ดีเซลพรีเมียม,46.14,2025-09-24,05:00,eppo_api,2026-10-07T10:19:38+07:00
2026-10-07,irpc,ไออาร์พีซี,ds,ดีเซล B7,42.19,2026-10-02,05:00,eppo_api,2026-10-07T10:19:38+07:00
2026-10-07,irpc,ไออาร์พีซี,gh91,แก๊สโซฮอล์ 91,40.32,2026-10-02,05:00,eppo_api,2026-10-07T10:19:38+07:00
2026-10-07,irpc,ไออาร์พีซี,gh95,แก๊สโซฮอล์ 95 (E10),40.69,2026-10-02,05:00,eppo_api,2026-10-07T10:19:38+07:00
2026-10-07,pt,พีทีจี เอ็นเนอยี (PT),ds,ดีเซล B7,42.19,2026-10-02,05:00,eppo_api,2026-10-07T10:19:38+07:00
2026-10-07,pt,พีทีจี เอ็นเนอยี (PT),dsb20,ดีเซล B20,37.19,2026-10-02,05:00,eppo_api,2026-10-07T10:19:38+07:00
2026-10-07,pt,พีทีจี เอ็นเนอยี (PT),e20,แก๊สโซฮอล์ E20,35.69,2026-10-02,05:00,eppo_api,2026-10-07T10:19:38+07:00
2026-10-07,pt,พีทีจี เอ็นเนอยี (PT),gh91,แก๊สโซฮอล์ 91,40.32,2026-10-02,05:00,eppo_api,2026-10-07T10:19:38+07:00
2026-10-07,pt,พีทีจี เอ็นเนอยี (PT),gh95,แก๊สโซฮอล์ 95 (E10),40.69,2026-10-02,05:00,eppo_api,2026-10-07T10:19:38+07:00
2026-10-07,pt,พีทีจี เอ็นเนอยี (PT),gl95,เบนซิน 95,50.18,2026-10-02,05:00,eppo_api,2026-10-07T10:19:38+07:00
2026-10-07,ptt,ปตท.,ds,ดีเซล B7,42.19,2026-10-02,05:00,eppo_api,2026-10-07T10:19:38+07:00
2026-10-07,ptt,ปตท.,dsb20,ดีเซล B20,37.19,2026-10-02,05:00,eppo_api,2026-10-07T10:19:38+07:00
2026-10-07,ptt,ปตท.,e20,แก๊สโซฮอล์ E20,35.69,2026-10-02,05:00,eppo_api,2026-10-07T10:19:38+07:00
2026-10-07,ptt,ปตท.,e85,แก๊สโซฮอล์ E85,31.63,2026-10-02,05:00,eppo_api,2026-10-07T10:19:38+07:00
2026-10-07,ptt,ปตท.,gh91,แก๊สโซฮอล์ 91,40.32,2026-10-02,05:00,eppo_api,2026-10-07T10:19:38+07:00
2026-10-07,ptt,ปตท.,gh95,แก๊สโซฮอล์ 95 (E10),40.69,2026-10-02,05:00,eppo_api,2026-10-07T10:19:38+07:00
2026-10-07,ptt,ปตท.,gl95,เบนซิน 95,49.68,2026-10-02,05:00,eppo_api,2026-10-07T10:19:38+07:00
2026-10-07,ptt,ปตท.,gs95p,แก๊สโซฮอล์ 95 พรีเมียม,47.79,2026-10-02,05:00,eppo_api,2026-10-07T10:19:38+07:00
2026-10-07,ptt,ปตท.,gs99p,แก๊สโซฮอล์ 99 พรีเมียม,49.79,2026-10-02,05:00,eppo_api,2026-10-07T10:19:38+07:00
2026-10-07,ptt,ปตท.,pds,ดีเซลพรีเมียม,50.05,2026-10-02,05:00,eppo_api,2026-10-07T10:19:38+07:00
2026-10-07,pure,เพียว,ds,ดีเซล B7,42.19,2026-10-02,05:00,eppo_api,2026-10-07T10:19:38+07:00
2026-10-07,pure,เพียว,dsb20,ดีเซล B20,37.19,2026-10-02,05:00,eppo_api,2026-10-07T10:19:38+07:00
2026-10-07,pure,เพียว,e20,แก๊สโซฮอล์ E20,35.69,2026-10-02,05:00,eppo_api,2026-10-07T10:19:38+07:00
2026-10-07,pure,เพียว,gh91,แก๊สโซฮอล์ 91,40.32,2026-10-02,05:00,eppo_api,2026-10-07T10:19:38+07:00
2026-10-07,pure,เพียว,gh95,แก๊สโซฮอล์ 95 (E10),40.69,2026-10-02,05:00,eppo_api,2026-10-07T10:19:38+07:00
2026-10-07,shell,เชลล์,ds,ดีเซล B7,42.19,2026-10-02,05:00,eppo_api,2026-10-07T10:19:38+07:00
2026-10-07,shell,เชลล์,dsb20,ดีเซล B20,37.19,2026-10-02,05:00,eppo_api,2026-10-07T10:19:38+07:00
2026-10-07,shell,เชลล์,e20,แก๊สโซฮอล์ E20,35.89,2026-10-02,05:00,eppo_api,2026-10-07T10:19:38+07:00
2026-10-07,shell,เชลล์,gh91,แก๊สโซฮอล์ 91,40.82,2026-10-02,05:00,eppo_api,2026-10-07T10:19:38+07:00
2026-10-07,shell,เชลล์,gh95,แก๊สโซฮอล์ 95 (E10),41.19,2026-10-02,05:00,eppo_api,2026-10-07T10:19:38+07:00
2026-10-07,shell,เชลล์,gs95p,แก๊สโซฮอล์ 95 พรีเมียม,51.84,2026-10-02,05:00,eppo_api,2026-10-07T10:19:38+07:00
2026-10-07,shell,เชลล์,pds,ดีเซลพรีเมียม,51.84,2026-10-02,05:00,eppo_api,2026-10-07T10:19:38+07:00
2026-10-07,susco1,ซัสโก้,ds,ดีเซล B7,42.19,2026-10-02,05:00,eppo_api,2026-10-07T10:19:38+07:00
2026-10-07,susco1,ซัสโก้,dsb20,ดีเซล B20,37.19,2026-10-02,05:00,eppo_api,2026-10-07T10:19:38+07:00
2026-10-07,susco1,ซัสโก้,e20,แก๊สโซฮอล์ E20,35.69,2026-10-02,05:00,eppo_api,2026-10-07T10:19:38+07:00
2026-10-07,susco1,ซัสโก้,gh91,แก๊สโซฮอล์ 91,40.32,2026-10-02,05:00,eppo_api,2026-10-07T10:19:38+07:00
2026-10-07,susco1,ซัสโก้,gh95,แก๊สโซฮอล์ 95 (E10),40.69,2026-10-02,05:00,eppo_api,2026-10-07T10:19:38+07:00
2026-10-07,susco1,ซัสโก้,gl95,เบนซิน 95,49.83,2026-10-02,05:00,eppo_api,2026-10-07T10:19:38+07:00
2026-10-07,susco2,ซัสโก้ ดีลเลอร์,ds,ดีเซล B7,42.19,2026-10-02,05:00,eppo_api,2026-10-07T10:19:38+07:00
2026-10-07,susco2,ซัสโก้ ดีลเลอร์,dsb20,ดีเซล B20,37.19,2026-10-02,05:00,eppo_api,2026-10-07T10:19:38+07:00
2026-10-07,susco2,ซัสโก้ ดีลเลอร์,e20,แก๊สโซฮอล์ E20,35.69,2026-10-02,05:00,eppo_api,2026-10-07T10:19:38+07:00
2026-10-07,susco2,ซัสโก้ ดีลเลอร์,gh91,แก๊สโซฮอล์ 91,40.32,2026-10-02,05:00,eppo_api,2026-10-07T10:19:38+07:00
2026-10-07,susco2,ซัสโก้ ดีลเลอร์,gh95,แก๊สโซฮอล์ 95 (E10),40.69,2026-10-02,05:00,eppo_api,2026-10-07T10:19:38+07:00
2026-10-07,susco2,ซัสโก้ ดีลเลอร์,gl95,เบนซิน 95,49.83,2026-10-02,05:00,eppo_api,2026-10-07T10:19:38+07:00
