run_at,snapshot_date,status,warnings,error
2026-09-28T13:37:49+07:00,2026-09-28,ok,1,
2026-09-28T15:02:08+07:00,2026-09-28,ok,1,
2026-09-28T16:40:26+07:00,2026-09-28,ok,1,
2026-09-29T10:19:09+07:00,2026-09-29,ok,1,
2026-09-29T11:49:04+07:00,2026-09-29,ok,1,
2026-09-30T10:19:55+07:00,2026-09-30,ok,1,
2026-09-30T11:49:45+07:00,2026-09-30,ok,1,
2026-10-01T10:20:23+07:00,2026-10-01,ok,1,
2026-10-01T11:51:28+07:00,2026-10-01,ok,1,
2026-10-02T10:19:22+07:00,2026-10-02,ok,1,
2026-10-02T11:49:55+07:00,2026-10-02,ok,1,
2026-10-03T10:24:29+07:00,2026-10-03,ok,1,
2026-10-03T11:48:49+07:00,2026-10-03,ok,1,
2026-10-04T12:12:44+07:00,2026-10-04,ok,1,
2026-10-04T17:53:28+07:00,2026-10-04,ok,1,
2026-10-05T10:21:23+07:00,2026-10-05,ok,1,
